2026-07-13 23:29:59,010:WARNING:
'cuml' is a soft dependency and not included in the pycaret installation. Please run: `pip install cuml` to install.
2026-07-13 23:29:59,010:WARNING:
'cuml' is a soft dependency and not included in the pycaret installation. Please run: `pip install cuml` to install.
2026-07-13 23:29:59,010:WARNING:
'cuml' is a soft dependency and not included in the pycaret installation. Please run: `pip install cuml` to install.
2026-07-13 23:29:59,010:WARNING:
'cuml' is a soft dependency and not included in the pycaret installation. Please run: `pip install cuml` to install.
2026-07-13 23:32:28,953:INFO:PyCaret ClassificationExperiment
2026-07-13 23:32:28,953:INFO:Logging name: clf-default-name
2026-07-13 23:32:28,954:INFO:ML Usecase: MLUsecase.CLASSIFICATION
2026-07-13 23:32:28,954:INFO:version 3.3.2
2026-07-13 23:32:28,954:INFO:Initializing setup()
2026-07-13 23:32:28,954:INFO:self.USI: 6811
2026-07-13 23:32:28,954:INFO:self._variable_keys: {'gpu_param', 'USI', 'fix_imbalance', 'memory', 'y_test', 'X', 'seed', '_ml_usecase', 'gpu_n_jobs_param', 'log_plots_param', 'data', 'n_jobs_param', 'y_train', 'exp_name_log', '_available_plots', 'X_train', 'idx', 'fold_groups_param', 'X_test', 'target_param', 'fold_generator', 'y', 'html_param', 'fold_shuffle_param', 'is_multiclass', 'logging_param', 'pipeline', 'exp_id'}
2026-07-13 23:32:28,954:INFO:Checking environment
2026-07-13 23:32:28,954:INFO:python_version: 3.10.12
2026-07-13 23:32:28,954:INFO:python_build: ('main', 'Jun 22 2026 18:55:27')
2026-07-13 23:32:28,954:INFO:machine: x86_64
2026-07-13 23:32:28,954:INFO:platform: Linux-7.0.11-76070011-generic-x86_64-with-glibc2.35
2026-07-13 23:32:28,955:INFO:Memory: svmem(total=18723852288, available=6348509184, percent=66.1, used=12375343104, free=1076318208, active=8962297856, inactive=7063789568, buffers=336764928, cached=6497669120, shared=163151872, slab=732991488)
2026-07-13 23:32:28,956:INFO:Physical Core: 4
2026-07-13 23:32:28,956:INFO:Logical Core: 8
2026-07-13 23:32:28,956:INFO:Checking libraries
2026-07-13 23:32:28,956:INFO:System:
2026-07-13 23:32:28,956:INFO:    python: 3.10.12 (main, Jun 22 2026, 18:55:27) [GCC 11.4.0]
2026-07-13 23:32:28,956:INFO:executable: /home/bruno/poject-alzheimer/.venv/bin/python
2026-07-13 23:32:28,956:INFO:   machine: Linux-7.0.11-76070011-generic-x86_64-with-glibc2.35
2026-07-13 23:32:28,956:INFO:PyCaret required dependencies:
2026-07-13 23:32:28,985:INFO:                 pip: 22.0.2
2026-07-13 23:32:28,986:INFO:          setuptools: 59.6.0
2026-07-13 23:32:28,986:INFO:             pycaret: 3.3.2
2026-07-13 23:32:28,986:INFO:             IPython: 8.39.0
2026-07-13 23:32:28,986:INFO:          ipywidgets: 8.1.8
2026-07-13 23:32:28,986:INFO:                tqdm: 4.68.4
2026-07-13 23:32:28,986:INFO:               numpy: 1.26.4
2026-07-13 23:32:28,986:INFO:              pandas: 2.1.4
2026-07-13 23:32:28,986:INFO:              jinja2: 3.1.6
2026-07-13 23:32:28,986:INFO:               scipy: 1.11.4
2026-07-13 23:32:28,986:INFO:              joblib: 1.3.2
2026-07-13 23:32:28,987:INFO:             sklearn: 1.4.2
2026-07-13 23:32:28,987:INFO:                pyod: 3.4.0
2026-07-13 23:32:28,987:INFO:            imblearn: 0.14.2
2026-07-13 23:32:28,987:INFO:   category_encoders: 2.7.0
2026-07-13 23:32:28,987:INFO:            lightgbm: 4.6.0
2026-07-13 23:32:28,987:INFO:               numba: 0.66.0
2026-07-13 23:32:28,987:INFO:            requests: 2.34.2
2026-07-13 23:32:28,987:INFO:          matplotlib: 3.7.5
2026-07-13 23:32:28,987:INFO:          scikitplot: 0.3.7
2026-07-13 23:32:28,987:INFO:         yellowbrick: 1.5
2026-07-13 23:32:28,987:INFO:              plotly: 6.9.0
2026-07-13 23:32:28,987:INFO:    plotly-resampler: Not installed
2026-07-13 23:32:28,987:INFO:             kaleido: 1.3.0
2026-07-13 23:32:28,987:INFO:           schemdraw: 0.15
2026-07-13 23:32:28,988:INFO:         statsmodels: 0.14.6
2026-07-13 23:32:28,988:INFO:              sktime: 0.26.0
2026-07-13 23:32:28,988:INFO:               tbats: 1.1.3
2026-07-13 23:32:28,988:INFO:            pmdarima: 2.0.4
2026-07-13 23:32:28,988:INFO:              psutil: 7.2.2
2026-07-13 23:32:28,988:INFO:          markupsafe: 3.0.3
2026-07-13 23:32:28,988:INFO:             pickle5: Not installed
2026-07-13 23:32:28,988:INFO:         cloudpickle: 3.1.2
2026-07-13 23:32:28,988:INFO:         deprecation: 2.1.0
2026-07-13 23:32:28,988:INFO:              xxhash: 3.8.1
2026-07-13 23:32:28,988:INFO:           wurlitzer: 3.1.1
2026-07-13 23:32:28,988:INFO:PyCaret optional dependencies:
2026-07-13 23:32:29,021:INFO:                shap: Not installed
2026-07-13 23:32:29,021:INFO:           interpret: Not installed
2026-07-13 23:32:29,021:INFO:                umap: Not installed
2026-07-13 23:32:29,021:INFO:     ydata_profiling: Not installed
2026-07-13 23:32:29,021:INFO:  explainerdashboard: Not installed
2026-07-13 23:32:29,021:INFO:             autoviz: Not installed
2026-07-13 23:32:29,021:INFO:           fairlearn: Not installed
2026-07-13 23:32:29,021:INFO:          deepchecks: Not installed
2026-07-13 23:32:29,021:INFO:             xgboost: Not installed
2026-07-13 23:32:29,021:INFO:            catboost: Not installed
2026-07-13 23:32:29,021:INFO:              kmodes: Not installed
2026-07-13 23:32:29,021:INFO:             mlxtend: Not installed
2026-07-13 23:32:29,021:INFO:       statsforecast: Not installed
2026-07-13 23:32:29,021:INFO:        tune_sklearn: Not installed
2026-07-13 23:32:29,022:INFO:                 ray: Not installed
2026-07-13 23:32:29,022:INFO:            hyperopt: Not installed
2026-07-13 23:32:29,022:INFO:              optuna: Not installed
2026-07-13 23:32:29,022:INFO:               skopt: Not installed
2026-07-13 23:32:29,022:INFO:              mlflow: Not installed
2026-07-13 23:32:29,022:INFO:              gradio: Not installed
2026-07-13 23:32:29,022:INFO:             fastapi: Not installed
2026-07-13 23:32:29,022:INFO:             uvicorn: Not installed
2026-07-13 23:32:29,022:INFO:              m2cgen: Not installed
2026-07-13 23:32:29,022:INFO:           evidently: Not installed
2026-07-13 23:32:29,022:INFO:               fugue: Not installed
2026-07-13 23:32:29,022:INFO:           streamlit: Not installed
2026-07-13 23:32:29,022:INFO:             prophet: Not installed
2026-07-13 23:32:29,022:INFO:None
2026-07-13 23:32:29,022:INFO:Set up data.
2026-07-13 23:32:29,386:INFO:Set up folding strategy.
2026-07-13 23:32:29,386:INFO:Set up train/test split.
2026-07-13 23:32:30,137:INFO:Set up index.
2026-07-13 23:32:30,181:INFO:Assigning column types.
2026-07-13 23:32:30,386:INFO:Engine successfully changes for model 'lr' to 'sklearn'.
2026-07-13 23:32:30,443:INFO:Engine for model 'knn' has not been set explicitly, hence returning None.
2026-07-13 23:32:30,447:INFO:Engine for model 'rbfsvm' has not been set explicitly, hence returning None.
2026-07-13 23:32:30,485:WARNING:
'xgboost' is a soft dependency and not included in the pycaret installation. Please run: `pip install xgboost` to install.
Alternately, you can install this by running `pip install pycaret[models]`
2026-07-13 23:32:30,486:WARNING:
'catboost' is a soft dependency and not included in the pycaret installation. Please run: `pip install catboost` to install.
Alternately, you can install this by running `pip install pycaret[models]`
2026-07-13 23:32:30,539:INFO:Engine for model 'knn' has not been set explicitly, hence returning None.
2026-07-13 23:32:30,540:INFO:Engine for model 'rbfsvm' has not been set explicitly, hence returning None.
2026-07-13 23:32:30,573:WARNING:
'xgboost' is a soft dependency and not included in the pycaret installation. Please run: `pip install xgboost` to install.
Alternately, you can install this by running `pip install pycaret[models]`
2026-07-13 23:32:30,573:WARNING:
'catboost' is a soft dependency and not included in the pycaret installation. Please run: `pip install catboost` to install.
Alternately, you can install this by running `pip install pycaret[models]`
2026-07-13 23:32:30,573:INFO:Engine successfully changes for model 'knn' to 'sklearn'.
2026-07-13 23:32:30,627:INFO:Engine for model 'rbfsvm' has not been set explicitly, hence returning None.
2026-07-13 23:32:30,662:WARNING:
'xgboost' is a soft dependency and not included in the pycaret installation. Please run: `pip install xgboost` to install.
Alternately, you can install this by running `pip install pycaret[models]`
2026-07-13 23:32:30,663:WARNING:
'catboost' is a soft dependency and not included in the pycaret installation. Please run: `pip install catboost` to install.
Alternately, you can install this by running `pip install pycaret[models]`
2026-07-13 23:32:30,715:INFO:Engine for model 'rbfsvm' has not been set explicitly, hence returning None.
2026-07-13 23:32:30,750:WARNING:
'xgboost' is a soft dependency and not included in the pycaret installation. Please run: `pip install xgboost` to install.
Alternately, you can install this by running `pip install pycaret[models]`
2026-07-13 23:32:30,750:WARNING:
'catboost' is a soft dependency and not included in the pycaret installation. Please run: `pip install catboost` to install.
Alternately, you can install this by running `pip install pycaret[models]`
2026-07-13 23:32:30,751:INFO:Engine successfully changes for model 'rbfsvm' to 'sklearn'.
2026-07-13 23:32:30,842:WARNING:
'xgboost' is a soft dependency and not included in the pycaret installation. Please run: `pip install xgboost` to install.
Alternately, you can install this by running `pip install pycaret[models]`
2026-07-13 23:32:30,842:WARNING:
'catboost' is a soft dependency and not included in the pycaret installation. Please run: `pip install catboost` to install.
Alternately, you can install this by running `pip install pycaret[models]`
2026-07-13 23:32:30,928:WARNING:
'xgboost' is a soft dependency and not included in the pycaret installation. Please run: `pip install xgboost` to install.
Alternately, you can install this by running `pip install pycaret[models]`
2026-07-13 23:32:30,928:WARNING:
'catboost' is a soft dependency and not included in the pycaret installation. Please run: `pip install catboost` to install.
Alternately, you can install this by running `pip install pycaret[models]`
2026-07-13 23:32:30,931:INFO:Preparing preprocessing pipeline...
2026-07-13 23:32:30,965:INFO:Set up simple imputation.
2026-07-13 23:32:31,575:INFO:Finished creating preprocessing pipeline.
2026-07-13 23:32:31,579:INFO:Pipeline: Pipeline(memory=FastMemory(location=/tmp/joblib),
         steps=[('numerical_imputer',
                 TransformerWrapper(exclude=None,
                                    include=['Fp1', 'Fp2', 'F7', 'F3', 'Fz',
                                             'F4', 'F8', 'T3', 'C3', 'Cz', 'C4',
                                             'T4', 'T5', 'P3', 'Pz', 'P4'],
                                    transformer=SimpleImputer(add_indicator=False,
                                                              copy=True,
                                                              fill_value=None,
                                                              keep_empty_features=False,
                                                              missing_values=nan,
                                                              strategy='mean'))),
                ('categorical_imputer',
                 TransformerWrapper(exclude=None, include=[],
                                    transformer=SimpleImputer(add_indicator=False,
                                                              copy=True,
                                                              fill_value=None,
                                                              keep_empty_features=False,
                                                              missing_values=nan,
                                                              strategy='most_frequent')))],
         verbose=False)
2026-07-13 23:32:31,579:INFO:Creating final display dataframe.
2026-07-13 23:32:32,877:INFO:Setup _display_container:                     Description             Value
0                    Session id               123
1                        Target            status
2                   Target type            Binary
3           Original data shape      (848640, 17)
4        Transformed data shape      (848640, 17)
5   Transformed train set shape      (594048, 17)
6    Transformed test set shape      (254592, 17)
7              Numeric features                16
8                    Preprocess              True
9               Imputation type            simple
10           Numeric imputation              mean
11       Categorical imputation              mode
12               Fold Generator   StratifiedKFold
13                  Fold Number                10
14                     CPU Jobs                -1
15                      Use GPU             False
16               Log Experiment             False
17              Experiment Name  clf-default-name
18                          USI              6811
2026-07-13 23:32:32,985:WARNING:
'xgboost' is a soft dependency and not included in the pycaret installation. Please run: `pip install xgboost` to install.
Alternately, you can install this by running `pip install pycaret[models]`
2026-07-13 23:32:32,986:WARNING:
'catboost' is a soft dependency and not included in the pycaret installation. Please run: `pip install catboost` to install.
Alternately, you can install this by running `pip install pycaret[models]`
2026-07-13 23:32:33,074:WARNING:
'xgboost' is a soft dependency and not included in the pycaret installation. Please run: `pip install xgboost` to install.
Alternately, you can install this by running `pip install pycaret[models]`
2026-07-13 23:32:33,075:WARNING:
'catboost' is a soft dependency and not included in the pycaret installation. Please run: `pip install catboost` to install.
Alternately, you can install this by running `pip install pycaret[models]`
2026-07-13 23:32:33,076:INFO:setup() successfully completed in 4.13s...............
2026-07-13 23:32:33,076:INFO:Initializing compare_models()
2026-07-13 23:32:33,076:INFO:compare_models(self=<pycaret.classification.oop.ClassificationExperiment object at 0x7ad5fa64a0b0>, include=None, fold=None, round=4, cross_validation=True, sort=Accuracy, n_select=1, budget_time=None, turbo=True, errors=ignore, fit_kwargs=None, groups=None, experiment_custom_tags=None, probability_threshold=None, verbose=True, parallel=None, caller_params={'self': <pycaret.classification.oop.ClassificationExperiment object at 0x7ad5fa64a0b0>, 'include': None, 'exclude': None, 'fold': None, 'round': 4, 'cross_validation': True, 'sort': 'Accuracy', 'n_select': 1, 'budget_time': None, 'turbo': True, 'errors': 'ignore', 'fit_kwargs': None, 'groups': None, 'experiment_custom_tags': None, 'probability_threshold': None, 'engine': None, 'verbose': True, 'parallel': None, '__class__': <class 'pycaret.classification.oop.ClassificationExperiment'>}, exclude=None)
2026-07-13 23:32:33,076:INFO:Checking exceptions
2026-07-13 23:32:33,299:INFO:Preparing display monitor
2026-07-13 23:32:33,337:INFO:Initializing Logistic Regression
2026-07-13 23:32:33,338:INFO:Total runtime is 6.3300132751464845e-06 minutes
2026-07-13 23:32:33,345:INFO:SubProcess create_model() called ==================================
2026-07-13 23:32:33,346:INFO:Initializing create_model()
2026-07-13 23:32:33,347:INFO:create_model(self=<pycaret.classification.oop.ClassificationExperiment object at 0x7ad5fa64a0b0>, estimator=lr, fold=StratifiedKFold(n_splits=10, random_state=None, shuffle=False), round=4, cross_validation=True, predict=True, fit_kwargs={}, groups=None, refit=False, probability_threshold=None, experiment_custom_tags=None, verbose=False, system=False, add_to_model_list=True, metrics=None, display=<pycaret.internal.display.display.CommonDisplay object at 0x7ad5ab88c2e0>, model_only=True, return_train_score=False, error_score=0.0, kwargs={})
2026-07-13 23:32:33,347:INFO:Checking exceptions
2026-07-13 23:32:33,347:INFO:Importing libraries
2026-07-13 23:32:33,347:INFO:Copying training dataset
2026-07-13 23:32:33,943:INFO:Defining folds
2026-07-13 23:32:33,943:INFO:Declaring metric variables
2026-07-13 23:32:33,949:INFO:Importing untrained model
2026-07-13 23:32:33,956:INFO:Logistic Regression Imported successfully
2026-07-13 23:32:33,970:INFO:Starting cross validation
2026-07-13 23:32:33,971:INFO:Cross validating with StratifiedKFold(n_splits=10, random_state=None, shuffle=False), n_jobs=-1
2026-07-13 23:32:52,984:INFO:Calculating mean and std
2026-07-13 23:32:52,987:INFO:Creating metrics dataframe
2026-07-13 23:32:52,996:INFO:Uploading results into container
2026-07-13 23:32:52,997:INFO:Uploading model into container now
2026-07-13 23:32:52,998:INFO:_master_model_container: 1
2026-07-13 23:32:52,998:INFO:_display_container: 2
2026-07-13 23:32:52,999:INFO:LogisticRegression(C=1.0, class_weight=None, dual=False, fit_intercept=True,
                   intercept_scaling=1, l1_ratio=None, max_iter=1000,
                   multi_class='auto', n_jobs=None, penalty='l2',
                   random_state=123, solver='lbfgs', tol=0.0001, verbose=0,
                   warm_start=False)
2026-07-13 23:32:52,999:INFO:create_model() successfully completed......................................
2026-07-13 23:32:53,111:INFO:SubProcess create_model() end ==================================
2026-07-13 23:32:53,111:INFO:Creating metrics dataframe
2026-07-13 23:32:53,126:INFO:Initializing K Neighbors Classifier
2026-07-13 23:32:53,127:INFO:Total runtime is 0.32981991370519004 minutes
2026-07-13 23:32:53,132:INFO:SubProcess create_model() called ==================================
2026-07-13 23:32:53,133:INFO:Initializing create_model()
2026-07-13 23:32:53,133:INFO:create_model(self=<pycaret.classification.oop.ClassificationExperiment object at 0x7ad5fa64a0b0>, estimator=knn, fold=StratifiedKFold(n_splits=10, random_state=None, shuffle=False), round=4, cross_validation=True, predict=True, fit_kwargs={}, groups=None, refit=False, probability_threshold=None, experiment_custom_tags=None, verbose=False, system=False, add_to_model_list=True, metrics=None, display=<pycaret.internal.display.display.CommonDisplay object at 0x7ad5ab88c2e0>, model_only=True, return_train_score=False, error_score=0.0, kwargs={})
2026-07-13 23:32:53,133:INFO:Checking exceptions
2026-07-13 23:32:53,133:INFO:Importing libraries
2026-07-13 23:32:53,133:INFO:Copying training dataset
2026-07-13 23:32:53,653:INFO:Defining folds
2026-07-13 23:32:53,653:INFO:Declaring metric variables
2026-07-13 23:32:53,657:INFO:Importing untrained model
2026-07-13 23:32:53,666:INFO:K Neighbors Classifier Imported successfully
2026-07-13 23:32:53,677:INFO:Starting cross validation
2026-07-13 23:32:53,680:INFO:Cross validating with StratifiedKFold(n_splits=10, random_state=None, shuffle=False), n_jobs=-1
2026-07-13 23:42:15,961:INFO:Initializing compare_models()
2026-07-13 23:42:15,962:INFO:compare_models(self=<pycaret.classification.oop.ClassificationExperiment object at 0x7ad5fa64a0b0>, include=None, fold=3, round=4, cross_validation=True, sort=Accuracy, n_select=1, budget_time=None, turbo=True, errors=ignore, fit_kwargs=None, groups=None, experiment_custom_tags=None, probability_threshold=None, verbose=True, parallel=None, caller_params={'self': <pycaret.classification.oop.ClassificationExperiment object at 0x7ad5fa64a0b0>, 'include': None, 'exclude': ['xgboost', 'lightgbm', 'catboost', 'rf', 'et', 'gbc'], 'fold': 3, 'round': 4, 'cross_validation': True, 'sort': 'Accuracy', 'n_select': 1, 'budget_time': None, 'turbo': True, 'errors': 'ignore', 'fit_kwargs': None, 'groups': None, 'experiment_custom_tags': None, 'probability_threshold': None, 'engine': None, 'verbose': True, 'parallel': None, '__class__': <class 'pycaret.classification.oop.ClassificationExperiment'>}, exclude=['xgboost', 'lightgbm', 'catboost', 'rf', 'et', 'gbc'])
2026-07-13 23:42:15,963:INFO:Checking exceptions
2026-07-13 23:42:16,172:INFO:Preparing display monitor
2026-07-13 23:42:16,213:INFO:Initializing Logistic Regression
2026-07-13 23:42:16,213:INFO:Total runtime is 5.046526590983073e-06 minutes
2026-07-13 23:42:16,220:INFO:SubProcess create_model() called ==================================
2026-07-13 23:42:16,221:INFO:Initializing create_model()
2026-07-13 23:42:16,221:INFO:create_model(self=<pycaret.classification.oop.ClassificationExperiment object at 0x7ad5fa64a0b0>, estimator=lr, fold=StratifiedKFold(n_splits=3, random_state=None, shuffle=False), round=4, cross_validation=True, predict=True, fit_kwargs={}, groups=None, refit=False, probability_threshold=None, experiment_custom_tags=None, verbose=False, system=False, add_to_model_list=True, metrics=None, display=<pycaret.internal.display.display.CommonDisplay object at 0x7ad5fa64bdf0>, model_only=True, return_train_score=False, error_score=0.0, kwargs={})
2026-07-13 23:42:16,221:INFO:Checking exceptions
2026-07-13 23:42:16,221:INFO:Importing libraries
2026-07-13 23:42:16,221:INFO:Copying training dataset
2026-07-13 23:42:16,846:INFO:Defining folds
2026-07-13 23:42:16,846:INFO:Declaring metric variables
2026-07-13 23:42:16,850:INFO:Importing untrained model
2026-07-13 23:42:16,854:INFO:Logistic Regression Imported successfully
2026-07-13 23:42:16,866:INFO:Starting cross validation
2026-07-13 23:42:16,868:INFO:Cross validating with StratifiedKFold(n_splits=3, random_state=None, shuffle=False), n_jobs=-1
2026-07-13 23:42:22,834:INFO:Calculating mean and std
2026-07-13 23:42:22,837:INFO:Creating metrics dataframe
2026-07-13 23:42:22,842:INFO:Uploading results into container
2026-07-13 23:42:22,843:INFO:Uploading model into container now
2026-07-13 23:42:22,844:INFO:_master_model_container: 2
2026-07-13 23:42:22,844:INFO:_display_container: 2
2026-07-13 23:42:22,845:INFO:LogisticRegression(C=1.0, class_weight=None, dual=False, fit_intercept=True,
                   intercept_scaling=1, l1_ratio=None, max_iter=1000,
                   multi_class='auto', n_jobs=None, penalty='l2',
                   random_state=123, solver='lbfgs', tol=0.0001, verbose=0,
                   warm_start=False)
2026-07-13 23:42:22,845:INFO:create_model() successfully completed......................................
2026-07-13 23:42:22,996:INFO:SubProcess create_model() end ==================================
2026-07-13 23:42:22,997:INFO:Creating metrics dataframe
2026-07-13 23:42:23,005:INFO:Initializing K Neighbors Classifier
2026-07-13 23:42:23,006:INFO:Total runtime is 0.11321210463841756 minutes
2026-07-13 23:42:23,012:INFO:SubProcess create_model() called ==================================
2026-07-13 23:42:23,013:INFO:Initializing create_model()
2026-07-13 23:42:23,013:INFO:create_model(self=<pycaret.classification.oop.ClassificationExperiment object at 0x7ad5fa64a0b0>, estimator=knn, fold=StratifiedKFold(n_splits=3, random_state=None, shuffle=False), round=4, cross_validation=True, predict=True, fit_kwargs={}, groups=None, refit=False, probability_threshold=None, experiment_custom_tags=None, verbose=False, system=False, add_to_model_list=True, metrics=None, display=<pycaret.internal.display.display.CommonDisplay object at 0x7ad5fa64bdf0>, model_only=True, return_train_score=False, error_score=0.0, kwargs={})
2026-07-13 23:42:23,013:INFO:Checking exceptions
2026-07-13 23:42:23,013:INFO:Importing libraries
2026-07-13 23:42:23,013:INFO:Copying training dataset
2026-07-13 23:42:23,493:INFO:Defining folds
2026-07-13 23:42:23,494:INFO:Declaring metric variables
2026-07-13 23:42:23,498:INFO:Importing untrained model
2026-07-13 23:42:23,506:INFO:K Neighbors Classifier Imported successfully
2026-07-13 23:42:23,518:INFO:Starting cross validation
2026-07-13 23:42:23,521:INFO:Cross validating with StratifiedKFold(n_splits=3, random_state=None, shuffle=False), n_jobs=-1
2026-07-13 23:47:01,191:INFO:Initializing create_model()
2026-07-13 23:47:01,192:INFO:create_model(self=<pycaret.classification.oop.ClassificationExperiment object at 0x7ad5fa64a0b0>, estimator=lr, fold=3, round=4, cross_validation=True, predict=True, fit_kwargs=None, groups=None, refit=True, probability_threshold=None, experiment_custom_tags=None, verbose=True, system=True, add_to_model_list=True, metrics=None, display=None, model_only=True, return_train_score=False, error_score=0.0, kwargs={})
2026-07-13 23:47:01,192:INFO:Checking exceptions
2026-07-13 23:47:01,229:INFO:Importing libraries
2026-07-13 23:47:01,230:INFO:Copying training dataset
2026-07-13 23:47:01,827:INFO:Defining folds
2026-07-13 23:47:01,827:INFO:Declaring metric variables
2026-07-13 23:47:01,832:INFO:Importing untrained model
2026-07-13 23:47:01,841:INFO:Logistic Regression Imported successfully
2026-07-13 23:47:01,852:INFO:Starting cross validation
2026-07-13 23:47:01,854:INFO:Cross validating with StratifiedKFold(n_splits=3, random_state=None, shuffle=False), n_jobs=-1
2026-07-13 23:47:07,717:INFO:Calculating mean and std
2026-07-13 23:47:07,720:INFO:Creating metrics dataframe
2026-07-13 23:47:07,731:INFO:Finalizing model
2026-07-13 23:47:10,770:INFO:Uploading results into container
2026-07-13 23:47:10,772:INFO:Uploading model into container now
2026-07-13 23:47:10,786:INFO:_master_model_container: 3
2026-07-13 23:47:10,787:INFO:_display_container: 2
2026-07-13 23:47:10,787:INFO:LogisticRegression(C=1.0, class_weight=None, dual=False, fit_intercept=True,
                   intercept_scaling=1, l1_ratio=None, max_iter=1000,
                   multi_class='auto', n_jobs=None, penalty='l2',
                   random_state=123, solver='lbfgs', tol=0.0001, verbose=0,
                   warm_start=False)
2026-07-13 23:47:10,788:INFO:create_model() successfully completed......................................
2026-07-13 23:47:24,447:INFO:Initializing create_model()
2026-07-13 23:47:24,448:INFO:create_model(self=<pycaret.classification.oop.ClassificationExperiment object at 0x7ad5fa64a0b0>, estimator=lr, fold=5, round=4, cross_validation=True, predict=True, fit_kwargs=None, groups=None, refit=True, probability_threshold=None, experiment_custom_tags=None, verbose=True, system=True, add_to_model_list=True, metrics=None, display=None, model_only=True, return_train_score=False, error_score=0.0, kwargs={})
2026-07-13 23:47:24,449:INFO:Checking exceptions
2026-07-13 23:47:24,475:INFO:Importing libraries
2026-07-13 23:47:24,475:INFO:Copying training dataset
2026-07-13 23:47:25,025:INFO:Defining folds
2026-07-13 23:47:25,025:INFO:Declaring metric variables
2026-07-13 23:47:25,029:INFO:Importing untrained model
2026-07-13 23:47:25,034:INFO:Logistic Regression Imported successfully
2026-07-13 23:47:25,048:INFO:Starting cross validation
2026-07-13 23:47:25,050:INFO:Cross validating with StratifiedKFold(n_splits=5, random_state=None, shuffle=False), n_jobs=-1
2026-07-13 23:47:33,906:INFO:Calculating mean and std
2026-07-13 23:47:33,909:INFO:Creating metrics dataframe
2026-07-13 23:47:33,916:INFO:Finalizing model
2026-07-13 23:47:36,899:INFO:Uploading results into container
2026-07-13 23:47:36,900:INFO:Uploading model into container now
2026-07-13 23:47:36,913:INFO:_master_model_container: 4
2026-07-13 23:47:36,913:INFO:_display_container: 3
2026-07-13 23:47:36,914:INFO:LogisticRegression(C=1.0, class_weight=None, dual=False, fit_intercept=True,
                   intercept_scaling=1, l1_ratio=None, max_iter=1000,
                   multi_class='auto', n_jobs=None, penalty='l2',
                   random_state=123, solver='lbfgs', tol=0.0001, verbose=0,
                   warm_start=False)
2026-07-13 23:47:36,914:INFO:create_model() successfully completed......................................
2026-07-13 23:48:47,250:INFO:Initializing plot_model()
2026-07-13 23:48:47,250:INFO:plot_model(plot=confusion_matrix, fold=None, verbose=True, display=None, display_format=None, estimator=LogisticRegression(C=1.0, class_weight=None, dual=False, fit_intercept=True,
                   intercept_scaling=1, l1_ratio=None, max_iter=1000,
                   multi_class='auto', n_jobs=None, penalty='l2',
                   random_state=123, solver='lbfgs', tol=0.0001, verbose=0,
                   warm_start=False), feature_name=None, fit_kwargs=None, groups=None, label=False, plot_kwargs=None, save=False, scale=1, self=<pycaret.classification.oop.ClassificationExperiment object at 0x7ad5fa64a0b0>, system=True)
2026-07-13 23:48:47,250:INFO:Checking exceptions
2026-07-13 23:48:47,470:INFO:Preloading libraries
2026-07-13 23:48:47,470:INFO:Copying training dataset
2026-07-13 23:48:47,470:INFO:Plot type: confusion_matrix
2026-07-13 23:48:48,866:INFO:Fitting Model
2026-07-13 23:48:48,867:WARNING:/home/bruno/poject-alzheimer/.venv/lib/python3.10/site-packages/sklearn/base.py:493: UserWarning: X does not have valid feature names, but LogisticRegression was fitted with feature names
  warnings.warn(

2026-07-13 23:48:48,877:INFO:Scoring test/hold-out set
2026-07-13 23:48:49,262:INFO:Visual Rendered Successfully
2026-07-13 23:48:49,429:INFO:plot_model() successfully completed......................................
2026-07-13 23:49:16,647:INFO:Initializing plot_model()
2026-07-13 23:49:16,648:INFO:plot_model(plot=confusion_matrix, fold=None, verbose=True, display=None, display_format=None, estimator=LogisticRegression(C=1.0, class_weight=None, dual=False, fit_intercept=True,
                   intercept_scaling=1, l1_ratio=None, max_iter=1000,
                   multi_class='auto', n_jobs=None, penalty='l2',
                   random_state=123, solver='lbfgs', tol=0.0001, verbose=0,
                   warm_start=False), feature_name=None, fit_kwargs=None, groups=None, label=False, plot_kwargs=None, save=False, scale=1, self=<pycaret.classification.oop.ClassificationExperiment object at 0x7ad5fa64a0b0>, system=True)
2026-07-13 23:49:16,648:INFO:Checking exceptions
2026-07-13 23:49:16,817:INFO:Preloading libraries
2026-07-13 23:49:16,818:INFO:Copying training dataset
2026-07-13 23:49:16,818:INFO:Plot type: confusion_matrix
2026-07-13 23:49:18,005:INFO:Fitting Model
2026-07-13 23:49:18,005:WARNING:/home/bruno/poject-alzheimer/.venv/lib/python3.10/site-packages/sklearn/base.py:493: UserWarning: X does not have valid feature names, but LogisticRegression was fitted with feature names
  warnings.warn(

2026-07-13 23:49:18,014:INFO:Scoring test/hold-out set
2026-07-13 23:49:18,253:INFO:Visual Rendered Successfully
2026-07-13 23:49:18,431:INFO:plot_model() successfully completed......................................
2026-07-13 23:50:07,806:INFO:Initializing finalize_model()
2026-07-13 23:50:07,807:INFO:finalize_model(self=<pycaret.classification.oop.ClassificationExperiment object at 0x7ad5fa64a0b0>, estimator=LogisticRegression(C=1.0, class_weight=None, dual=False, fit_intercept=True,
                   intercept_scaling=1, l1_ratio=None, max_iter=1000,
                   multi_class='auto', n_jobs=None, penalty='l2',
                   random_state=123, solver='lbfgs', tol=0.0001, verbose=0,
                   warm_start=False), fit_kwargs=None, groups=None, model_only=False, experiment_custom_tags=None)
2026-07-13 23:50:07,807:INFO:Finalizing LogisticRegression(C=1.0, class_weight=None, dual=False, fit_intercept=True,
                   intercept_scaling=1, l1_ratio=None, max_iter=1000,
                   multi_class='auto', n_jobs=None, penalty='l2',
                   random_state=123, solver='lbfgs', tol=0.0001, verbose=0,
                   warm_start=False)
2026-07-13 23:50:08,024:INFO:Initializing create_model()
2026-07-13 23:50:08,024:INFO:create_model(self=<pycaret.classification.oop.ClassificationExperiment object at 0x7ad5fa64a0b0>, estimator=LogisticRegression(C=1.0, class_weight=None, dual=False, fit_intercept=True,
                   intercept_scaling=1, l1_ratio=None, max_iter=1000,
                   multi_class='auto', n_jobs=None, penalty='l2',
                   random_state=123, solver='lbfgs', tol=0.0001, verbose=0,
                   warm_start=False), fold=None, round=4, cross_validation=False, predict=False, fit_kwargs={}, groups=None, refit=True, probability_threshold=None, experiment_custom_tags=None, verbose=False, system=False, add_to_model_list=False, metrics=None, display=None, model_only=False, return_train_score=False, error_score=0.0, kwargs={})
2026-07-13 23:50:08,024:INFO:Checking exceptions
2026-07-13 23:50:08,026:INFO:Importing libraries
2026-07-13 23:50:08,026:INFO:Copying training dataset
2026-07-13 23:50:08,059:INFO:Defining folds
2026-07-13 23:50:08,060:INFO:Declaring metric variables
2026-07-13 23:50:08,060:INFO:Importing untrained model
2026-07-13 23:50:08,060:INFO:Declaring custom model
2026-07-13 23:50:08,061:INFO:Logistic Regression Imported successfully
2026-07-13 23:50:08,062:INFO:Cross validation set to False
2026-07-13 23:50:08,062:INFO:Fitting Model
2026-07-13 23:50:11,992:INFO:Pipeline(memory=Memory(location=None),
         steps=[('numerical_imputer',
                 TransformerWrapper(exclude=None,
                                    include=['Fp1', 'Fp2', 'F7', 'F3', 'Fz',
                                             'F4', 'F8', 'T3', 'C3', 'Cz', 'C4',
                                             'T4', 'T5', 'P3', 'Pz', 'P4'],
                                    transformer=SimpleImputer(add_indicator=False,
                                                              copy=True,
                                                              fill_value=None,
                                                              keep_empty_features=False,
                                                              missing_values=nan,
                                                              strategy='mean'))),
                ('categorical_imputer',
                 T...
                                                              fill_value=None,
                                                              keep_empty_features=False,
                                                              missing_values=nan,
                                                              strategy='most_frequent'))),
                ('actual_estimator',
                 LogisticRegression(C=1.0, class_weight=None, dual=False,
                                    fit_intercept=True, intercept_scaling=1,
                                    l1_ratio=None, max_iter=1000,
                                    multi_class='auto', n_jobs=None,
                                    penalty='l2', random_state=123,
                                    solver='lbfgs', tol=0.0001, verbose=0,
                                    warm_start=False))],
         verbose=False)
2026-07-13 23:50:11,993:INFO:create_model() successfully completed......................................
2026-07-13 23:50:12,150:INFO:_master_model_container: 4
2026-07-13 23:50:12,150:INFO:_display_container: 3
2026-07-13 23:50:12,154:INFO:Pipeline(memory=Memory(location=None),
         steps=[('numerical_imputer',
                 TransformerWrapper(exclude=None,
                                    include=['Fp1', 'Fp2', 'F7', 'F3', 'Fz',
                                             'F4', 'F8', 'T3', 'C3', 'Cz', 'C4',
                                             'T4', 'T5', 'P3', 'Pz', 'P4'],
                                    transformer=SimpleImputer(add_indicator=False,
                                                              copy=True,
                                                              fill_value=None,
                                                              keep_empty_features=False,
                                                              missing_values=nan,
                                                              strategy='mean'))),
                ('categorical_imputer',
                 T...
                                                              fill_value=None,
                                                              keep_empty_features=False,
                                                              missing_values=nan,
                                                              strategy='most_frequent'))),
                ('actual_estimator',
                 LogisticRegression(C=1.0, class_weight=None, dual=False,
                                    fit_intercept=True, intercept_scaling=1,
                                    l1_ratio=None, max_iter=1000,
                                    multi_class='auto', n_jobs=None,
                                    penalty='l2', random_state=123,
                                    solver='lbfgs', tol=0.0001, verbose=0,
                                    warm_start=False))],
         verbose=False)
2026-07-13 23:50:12,154:INFO:finalize_model() successfully completed......................................
2026-07-13 23:50:22,593:INFO:Initializing finalize_model()
2026-07-13 23:50:22,593:INFO:finalize_model(self=<pycaret.classification.oop.ClassificationExperiment object at 0x7ad5fa64a0b0>, estimator=LogisticRegression(C=1.0, class_weight=None, dual=False, fit_intercept=True,
                   intercept_scaling=1, l1_ratio=None, max_iter=1000,
                   multi_class='auto', n_jobs=None, penalty='l2',
                   random_state=123, solver='lbfgs', tol=0.0001, verbose=0,
                   warm_start=False), fit_kwargs=None, groups=None, model_only=False, experiment_custom_tags=None)
2026-07-13 23:50:22,595:INFO:Finalizing LogisticRegression(C=1.0, class_weight=None, dual=False, fit_intercept=True,
                   intercept_scaling=1, l1_ratio=None, max_iter=1000,
                   multi_class='auto', n_jobs=None, penalty='l2',
                   random_state=123, solver='lbfgs', tol=0.0001, verbose=0,
                   warm_start=False)
2026-07-13 23:50:22,807:INFO:Initializing create_model()
2026-07-13 23:50:22,807:INFO:create_model(self=<pycaret.classification.oop.ClassificationExperiment object at 0x7ad5fa64a0b0>, estimator=LogisticRegression(C=1.0, class_weight=None, dual=False, fit_intercept=True,
                   intercept_scaling=1, l1_ratio=None, max_iter=1000,
                   multi_class='auto', n_jobs=None, penalty='l2',
                   random_state=123, solver='lbfgs', tol=0.0001, verbose=0,
                   warm_start=False), fold=None, round=4, cross_validation=False, predict=False, fit_kwargs={}, groups=None, refit=True, probability_threshold=None, experiment_custom_tags=None, verbose=False, system=False, add_to_model_list=False, metrics=None, display=None, model_only=False, return_train_score=False, error_score=0.0, kwargs={})
2026-07-13 23:50:22,807:INFO:Checking exceptions
2026-07-13 23:50:22,809:INFO:Importing libraries
2026-07-13 23:50:22,809:INFO:Copying training dataset
2026-07-13 23:50:22,843:INFO:Defining folds
2026-07-13 23:50:22,843:INFO:Declaring metric variables
2026-07-13 23:50:22,843:INFO:Importing untrained model
2026-07-13 23:50:22,843:INFO:Declaring custom model
2026-07-13 23:50:22,844:INFO:Logistic Regression Imported successfully
2026-07-13 23:50:22,846:INFO:Cross validation set to False
2026-07-13 23:50:22,846:INFO:Fitting Model
2026-07-13 23:50:27,039:INFO:Pipeline(memory=Memory(location=None),
         steps=[('numerical_imputer',
                 TransformerWrapper(exclude=None,
                                    include=['Fp1', 'Fp2', 'F7', 'F3', 'Fz',
                                             'F4', 'F8', 'T3', 'C3', 'Cz', 'C4',
                                             'T4', 'T5', 'P3', 'Pz', 'P4'],
                                    transformer=SimpleImputer(add_indicator=False,
                                                              copy=True,
                                                              fill_value=None,
                                                              keep_empty_features=False,
                                                              missing_values=nan,
                                                              strategy='mean'))),
                ('categorical_imputer',
                 T...
                                                              fill_value=None,
                                                              keep_empty_features=False,
                                                              missing_values=nan,
                                                              strategy='most_frequent'))),
                ('actual_estimator',
                 LogisticRegression(C=1.0, class_weight=None, dual=False,
                                    fit_intercept=True, intercept_scaling=1,
                                    l1_ratio=None, max_iter=1000,
                                    multi_class='auto', n_jobs=None,
                                    penalty='l2', random_state=123,
                                    solver='lbfgs', tol=0.0001, verbose=0,
                                    warm_start=False))],
         verbose=False)
2026-07-13 23:50:27,040:INFO:create_model() successfully completed......................................
2026-07-13 23:50:27,196:INFO:_master_model_container: 4
2026-07-13 23:50:27,196:INFO:_display_container: 3
2026-07-13 23:50:27,202:INFO:Pipeline(memory=Memory(location=None),
         steps=[('numerical_imputer',
                 TransformerWrapper(exclude=None,
                                    include=['Fp1', 'Fp2', 'F7', 'F3', 'Fz',
                                             'F4', 'F8', 'T3', 'C3', 'Cz', 'C4',
                                             'T4', 'T5', 'P3', 'Pz', 'P4'],
                                    transformer=SimpleImputer(add_indicator=False,
                                                              copy=True,
                                                              fill_value=None,
                                                              keep_empty_features=False,
                                                              missing_values=nan,
                                                              strategy='mean'))),
                ('categorical_imputer',
                 T...
                                                              fill_value=None,
                                                              keep_empty_features=False,
                                                              missing_values=nan,
                                                              strategy='most_frequent'))),
                ('actual_estimator',
                 LogisticRegression(C=1.0, class_weight=None, dual=False,
                                    fit_intercept=True, intercept_scaling=1,
                                    l1_ratio=None, max_iter=1000,
                                    multi_class='auto', n_jobs=None,
                                    penalty='l2', random_state=123,
                                    solver='lbfgs', tol=0.0001, verbose=0,
                                    warm_start=False))],
         verbose=False)
2026-07-13 23:50:27,203:INFO:finalize_model() successfully completed......................................
2026-07-13 23:51:43,429:INFO:Initializing create_model()
2026-07-13 23:51:43,431:INFO:create_model(self=<pycaret.classification.oop.ClassificationExperiment object at 0x7ad5fa64a0b0>, estimator=lightgbm, fold=5, round=4, cross_validation=True, predict=True, fit_kwargs=None, groups=None, refit=True, probability_threshold=None, experiment_custom_tags=None, verbose=True, system=True, add_to_model_list=True, metrics=None, display=None, model_only=True, return_train_score=False, error_score=0.0, kwargs={})
2026-07-13 23:51:43,431:INFO:Checking exceptions
2026-07-13 23:51:43,456:INFO:Importing libraries
2026-07-13 23:51:43,456:INFO:Copying training dataset
2026-07-13 23:51:43,951:INFO:Defining folds
2026-07-13 23:51:43,951:INFO:Declaring metric variables
2026-07-13 23:51:43,955:INFO:Importing untrained model
2026-07-13 23:51:43,959:INFO:Light Gradient Boosting Machine Imported successfully
2026-07-13 23:51:43,970:INFO:Starting cross validation
2026-07-13 23:51:43,972:INFO:Cross validating with StratifiedKFold(n_splits=5, random_state=None, shuffle=False), n_jobs=-1
2026-07-13 23:53:30,752:INFO:Calculating mean and std
2026-07-13 23:53:30,755:INFO:Creating metrics dataframe
2026-07-13 23:53:30,766:INFO:Finalizing model
2026-07-13 23:53:31,427:INFO:[LightGBM] [Info] Number of positive: 358400, number of negative: 235648
2026-07-13 23:53:31,463:INFO:[LightGBM] [Info] Auto-choosing col-wise multi-threading, the overhead of testing was 0.033889 seconds.
2026-07-13 23:53:31,463:INFO:You can set `force_col_wise=true` to remove the overhead.
2026-07-13 23:53:31,464:INFO:[LightGBM] [Info] Total Bins 4080
2026-07-13 23:53:31,465:INFO:[LightGBM] [Info] Number of data points in the train set: 594048, number of used features: 16
2026-07-13 23:53:31,469:INFO:[LightGBM] [Info] [binary:BoostFromScore]: pavg=0.603318 -> initscore=0.419311
2026-07-13 23:53:31,470:INFO:[LightGBM] [Info] Start training from score 0.419311
2026-07-13 23:53:48,592:INFO:Uploading results into container
2026-07-13 23:53:48,593:INFO:Uploading model into container now
2026-07-13 23:53:48,612:INFO:_master_model_container: 5
2026-07-13 23:53:48,612:INFO:_display_container: 4
2026-07-13 23:53:48,614:INFO:LGBMClassifier(boosting_type='gbdt', class_weight=None, colsample_bytree=1.0,
               importance_type='split', learning_rate=0.1, max_depth=-1,
               min_child_samples=20, min_child_weight=0.001, min_split_gain=0.0,
               n_estimators=100, n_jobs=-1, num_leaves=31, objective=None,
               random_state=123, reg_alpha=0.0, reg_lambda=0.0, subsample=1.0,
               subsample_for_bin=200000, subsample_freq=0)
2026-07-13 23:53:48,614:INFO:create_model() successfully completed......................................
2026-07-13 23:56:06,020:INFO:Initializing plot_model()
2026-07-13 23:56:06,021:INFO:plot_model(plot=confusion_matrix, fold=None, verbose=True, display=None, display_format=None, estimator=LGBMClassifier(boosting_type='gbdt', class_weight=None, colsample_bytree=1.0,
               importance_type='split', learning_rate=0.1, max_depth=-1,
               min_child_samples=20, min_child_weight=0.001, min_split_gain=0.0,
               n_estimators=100, n_jobs=-1, num_leaves=31, objective=None,
               random_state=123, reg_alpha=0.0, reg_lambda=0.0, subsample=1.0,
               subsample_for_bin=200000, subsample_freq=0), feature_name=None, fit_kwargs=None, groups=None, label=False, plot_kwargs=None, save=False, scale=1, self=<pycaret.classification.oop.ClassificationExperiment object at 0x7ad5fa64a0b0>, system=True)
2026-07-13 23:56:06,022:INFO:Checking exceptions
2026-07-13 23:56:06,199:INFO:Preloading libraries
2026-07-13 23:56:06,207:INFO:Copying training dataset
2026-07-13 23:56:06,207:INFO:Plot type: confusion_matrix
2026-07-13 23:56:07,457:INFO:Fitting Model
2026-07-13 23:56:07,468:INFO:Scoring test/hold-out set
2026-07-13 23:56:08,423:INFO:Visual Rendered Successfully
2026-07-13 23:56:08,584:INFO:plot_model() successfully completed......................................
2026-07-14 00:00:41,696:INFO:Initializing create_model()
2026-07-14 00:00:41,696:INFO:create_model(self=<pycaret.classification.oop.ClassificationExperiment object at 0x7ad5fa64a0b0>, estimator=nb, fold=5, round=4, cross_validation=True, predict=True, fit_kwargs=None, groups=None, refit=True, probability_threshold=None, experiment_custom_tags=None, verbose=True, system=True, add_to_model_list=True, metrics=None, display=None, model_only=True, return_train_score=False, error_score=0.0, kwargs={})
2026-07-14 00:00:41,697:INFO:Checking exceptions
2026-07-14 00:00:41,719:INFO:Importing libraries
2026-07-14 00:00:41,720:INFO:Copying training dataset
2026-07-14 00:00:42,312:INFO:Defining folds
2026-07-14 00:00:42,313:INFO:Declaring metric variables
2026-07-14 00:00:42,318:INFO:Importing untrained model
2026-07-14 00:00:42,328:INFO:Naive Bayes Imported successfully
2026-07-14 00:00:42,340:INFO:Starting cross validation
2026-07-14 00:00:42,342:INFO:Cross validating with StratifiedKFold(n_splits=5, random_state=None, shuffle=False), n_jobs=-1
2026-07-14 00:00:47,360:INFO:Calculating mean and std
2026-07-14 00:00:47,363:INFO:Creating metrics dataframe
2026-07-14 00:00:47,375:INFO:Finalizing model
2026-07-14 00:00:47,717:INFO:Uploading results into container
2026-07-14 00:00:47,718:INFO:Uploading model into container now
2026-07-14 00:00:47,733:INFO:_master_model_container: 6
2026-07-14 00:00:47,733:INFO:_display_container: 5
2026-07-14 00:00:47,734:INFO:GaussianNB(priors=None, var_smoothing=1e-09)
2026-07-14 00:00:47,734:INFO:create_model() successfully completed......................................
2026-07-14 00:02:04,926:INFO:Initializing plot_model()
2026-07-14 00:02:04,927:INFO:plot_model(plot=confusion_matrix, fold=None, verbose=True, display=None, display_format=None, estimator=LGBMClassifier(boosting_type='gbdt', class_weight=None, colsample_bytree=1.0,
               importance_type='split', learning_rate=0.1, max_depth=-1,
               min_child_samples=20, min_child_weight=0.001, min_split_gain=0.0,
               n_estimators=100, n_jobs=-1, num_leaves=31, objective=None,
               random_state=123, reg_alpha=0.0, reg_lambda=0.0, subsample=1.0,
               subsample_for_bin=200000, subsample_freq=0), feature_name=None, fit_kwargs=None, groups=None, label=False, plot_kwargs=None, save=False, scale=1, self=<pycaret.classification.oop.ClassificationExperiment object at 0x7ad5fa64a0b0>, system=True)
2026-07-14 00:02:04,927:INFO:Checking exceptions
2026-07-14 00:02:05,132:INFO:Preloading libraries
2026-07-14 00:02:05,138:INFO:Copying training dataset
2026-07-14 00:02:05,138:INFO:Plot type: confusion_matrix
2026-07-14 00:02:06,402:INFO:Fitting Model
2026-07-14 00:02:06,412:INFO:Scoring test/hold-out set
2026-07-14 00:02:07,452:INFO:Visual Rendered Successfully
2026-07-14 00:02:07,664:INFO:plot_model() successfully completed......................................
2026-07-14 00:02:57,239:INFO:Initializing plot_model()
2026-07-14 00:02:57,240:INFO:plot_model(plot=confusion_matrix, fold=None, verbose=True, display=None, display_format=None, estimator=GaussianNB(priors=None, var_smoothing=1e-09), feature_name=None, fit_kwargs=None, groups=None, label=False, plot_kwargs=None, save=False, scale=1, self=<pycaret.classification.oop.ClassificationExperiment object at 0x7ad5fa64a0b0>, system=True)
2026-07-14 00:02:57,240:INFO:Checking exceptions
2026-07-14 00:02:57,402:INFO:Preloading libraries
2026-07-14 00:02:57,403:INFO:Copying training dataset
2026-07-14 00:02:57,403:INFO:Plot type: confusion_matrix
2026-07-14 00:02:58,565:INFO:Fitting Model
2026-07-14 00:02:58,566:WARNING:/home/bruno/poject-alzheimer/.venv/lib/python3.10/site-packages/sklearn/base.py:493: UserWarning: X does not have valid feature names, but GaussianNB was fitted with feature names
  warnings.warn(

2026-07-14 00:02:58,577:INFO:Scoring test/hold-out set
2026-07-14 00:02:58,936:INFO:Visual Rendered Successfully
2026-07-14 00:02:59,097:INFO:plot_model() successfully completed......................................
2026-07-14 00:03:10,443:INFO:Initializing create_model()
2026-07-14 00:03:10,444:INFO:create_model(self=<pycaret.classification.oop.ClassificationExperiment object at 0x7ad5fa64a0b0>, estimator=rf, fold=3, round=4, cross_validation=True, predict=True, fit_kwargs=None, groups=None, refit=True, probability_threshold=None, experiment_custom_tags=None, verbose=True, system=True, add_to_model_list=True, metrics=None, display=None, model_only=True, return_train_score=False, error_score=0.0, kwargs={})
2026-07-14 00:03:10,445:INFO:Checking exceptions
2026-07-14 00:03:10,472:INFO:Importing libraries
2026-07-14 00:03:10,472:INFO:Copying training dataset
2026-07-14 00:03:10,959:INFO:Defining folds
2026-07-14 00:03:10,960:INFO:Declaring metric variables
2026-07-14 00:03:10,964:INFO:Importing untrained model
2026-07-14 00:03:10,970:INFO:Random Forest Classifier Imported successfully
2026-07-14 00:03:10,984:INFO:Starting cross validation
2026-07-14 00:03:10,986:INFO:Cross validating with StratifiedKFold(n_splits=3, random_state=None, shuffle=False), n_jobs=-1
2026-07-14 00:06:32,132:INFO:Calculating mean and std
2026-07-14 00:06:32,133:INFO:Creating metrics dataframe
2026-07-14 00:06:32,144:INFO:Finalizing model
2026-07-14 00:08:08,387:INFO:Uploading results into container
2026-07-14 00:08:08,389:INFO:Uploading model into container now
2026-07-14 00:08:08,406:INFO:_master_model_container: 7
2026-07-14 00:08:08,406:INFO:_display_container: 6
2026-07-14 00:08:08,407:INFO:RandomForestClassifier(bootstrap=True, ccp_alpha=0.0, class_weight=None,
                       criterion='gini', max_depth=None, max_features='sqrt',
                       max_leaf_nodes=None, max_samples=None,
                       min_impurity_decrease=0.0, min_samples_leaf=1,
                       min_samples_split=2, min_weight_fraction_leaf=0.0,
                       monotonic_cst=None, n_estimators=100, n_jobs=-1,
                       oob_score=False, random_state=123, verbose=0,
                       warm_start=False)
2026-07-14 00:08:08,407:INFO:create_model() successfully completed......................................
2026-07-14 00:09:22,423:INFO:Initializing plot_model()
2026-07-14 00:09:22,424:INFO:plot_model(plot=confusion_matrix, fold=None, verbose=True, display=None, display_format=None, estimator=RandomForestClassifier(bootstrap=True, ccp_alpha=0.0, class_weight=None,
                       criterion='gini', max_depth=None, max_features='sqrt',
                       max_leaf_nodes=None, max_samples=None,
                       min_impurity_decrease=0.0, min_samples_leaf=1,
                       min_samples_split=2, min_weight_fraction_leaf=0.0,
                       monotonic_cst=None, n_estimators=100, n_jobs=-1,
                       oob_score=False, random_state=123, verbose=0,
                       warm_start=False), feature_name=None, fit_kwargs=None, groups=None, label=False, plot_kwargs=None, save=False, scale=1, self=<pycaret.classification.oop.ClassificationExperiment object at 0x7ad5fa64a0b0>, system=True)
2026-07-14 00:09:22,424:INFO:Checking exceptions
2026-07-14 00:09:22,650:INFO:Preloading libraries
2026-07-14 00:09:22,703:INFO:Copying training dataset
2026-07-14 00:09:22,703:INFO:Plot type: confusion_matrix
2026-07-14 00:09:24,105:INFO:Fitting Model
2026-07-14 00:09:24,105:WARNING:/home/bruno/poject-alzheimer/.venv/lib/python3.10/site-packages/sklearn/base.py:493: UserWarning: X does not have valid feature names, but RandomForestClassifier was fitted with feature names
  warnings.warn(

2026-07-14 00:09:24,115:INFO:Scoring test/hold-out set
2026-07-14 00:09:25,651:INFO:Visual Rendered Successfully
2026-07-14 00:09:25,820:INFO:plot_model() successfully completed......................................
2026-07-14 00:11:08,892:INFO:Initializing create_model()
2026-07-14 00:11:08,893:INFO:create_model(self=<pycaret.classification.oop.ClassificationExperiment object at 0x7ad5fa64a0b0>, estimator=dt, fold=5, round=4, cross_validation=True, predict=True, fit_kwargs=None, groups=None, refit=True, probability_threshold=None, experiment_custom_tags=None, verbose=True, system=True, add_to_model_list=True, metrics=None, display=None, model_only=True, return_train_score=False, error_score=0.0, kwargs={})
2026-07-14 00:11:08,893:INFO:Checking exceptions
2026-07-14 00:11:08,921:INFO:Importing libraries
2026-07-14 00:11:08,921:INFO:Copying training dataset
2026-07-14 00:11:09,437:INFO:Defining folds
2026-07-14 00:11:09,437:INFO:Declaring metric variables
2026-07-14 00:11:09,443:INFO:Importing untrained model
2026-07-14 00:11:09,450:INFO:Decision Tree Classifier Imported successfully
2026-07-14 00:11:09,459:INFO:Starting cross validation
2026-07-14 00:11:09,461:INFO:Cross validating with StratifiedKFold(n_splits=5, random_state=None, shuffle=False), n_jobs=-1
2026-07-14 00:11:42,611:INFO:Calculating mean and std
2026-07-14 00:11:42,614:INFO:Creating metrics dataframe
2026-07-14 00:11:42,624:INFO:Finalizing model
2026-07-14 00:12:08,489:INFO:Uploading results into container
2026-07-14 00:12:08,490:INFO:Uploading model into container now
2026-07-14 00:12:08,500:INFO:_master_model_container: 8
2026-07-14 00:12:08,501:INFO:_display_container: 7
2026-07-14 00:12:08,501:INFO:DecisionTreeClassifier(ccp_alpha=0.0, class_weight=None, criterion='gini',
                       max_depth=None, max_features=None, max_leaf_nodes=None,
                       min_impurity_decrease=0.0, min_samples_leaf=1,
                       min_samples_split=2, min_weight_fraction_leaf=0.0,
                       monotonic_cst=None, random_state=123, splitter='best')
2026-07-14 00:12:08,501:INFO:create_model() successfully completed......................................
2026-07-14 00:15:24,565:INFO:Initializing plot_model()
2026-07-14 00:15:24,565:INFO:plot_model(plot=confusion_matrix, fold=None, verbose=True, display=None, display_format=None, estimator=DecisionTreeClassifier(ccp_alpha=0.0, class_weight=None, criterion='gini',
                       max_depth=None, max_features=None, max_leaf_nodes=None,
                       min_impurity_decrease=0.0, min_samples_leaf=1,
                       min_samples_split=2, min_weight_fraction_leaf=0.0,
                       monotonic_cst=None, random_state=123, splitter='best'), feature_name=None, fit_kwargs=None, groups=None, label=False, plot_kwargs=None, save=False, scale=1, self=<pycaret.classification.oop.ClassificationExperiment object at 0x7ad5fa64a0b0>, system=True)
2026-07-14 00:15:24,566:INFO:Checking exceptions
2026-07-14 00:15:24,731:INFO:Preloading libraries
2026-07-14 00:15:24,732:INFO:Copying training dataset
2026-07-14 00:15:24,732:INFO:Plot type: confusion_matrix
2026-07-14 00:15:25,962:INFO:Fitting Model
2026-07-14 00:15:25,962:WARNING:/home/bruno/poject-alzheimer/.venv/lib/python3.10/site-packages/sklearn/base.py:493: UserWarning: X does not have valid feature names, but DecisionTreeClassifier was fitted with feature names
  warnings.warn(

2026-07-14 00:15:25,971:INFO:Scoring test/hold-out set
2026-07-14 00:15:26,278:INFO:Visual Rendered Successfully
2026-07-14 00:15:26,437:INFO:plot_model() successfully completed......................................
2026-07-20 00:16:59,752:WARNING:
'cuml' is a soft dependency and not included in the pycaret installation. Please run: `pip install cuml` to install.
2026-07-20 00:16:59,753:WARNING:
'cuml' is a soft dependency and not included in the pycaret installation. Please run: `pip install cuml` to install.
2026-07-20 00:16:59,753:WARNING:
'cuml' is a soft dependency and not included in the pycaret installation. Please run: `pip install cuml` to install.
2026-07-20 00:16:59,753:WARNING:
'cuml' is a soft dependency and not included in the pycaret installation. Please run: `pip install cuml` to install.
2026-07-20 00:28:15,577:INFO:PyCaret ClassificationExperiment
2026-07-20 00:28:15,578:INFO:Logging name: clf-default-name
2026-07-20 00:28:15,578:INFO:ML Usecase: MLUsecase.CLASSIFICATION
2026-07-20 00:28:15,578:INFO:version 3.3.2
2026-07-20 00:28:15,578:INFO:Initializing setup()
2026-07-20 00:28:15,578:INFO:self.USI: 6847
2026-07-20 00:28:15,579:INFO:self._variable_keys: {'exp_id', 'gpu_param', 'memory', 'logging_param', '_ml_usecase', 'log_plots_param', 'y', 'fix_imbalance', 'X', 'y_test', 'is_multiclass', 'html_param', 'idx', 'target_param', 'exp_name_log', 'pipeline', 'X_train', 'fold_shuffle_param', 'X_test', 'fold_generator', 'data', 'USI', 'y_train', '_available_plots', 'fold_groups_param', 'gpu_n_jobs_param', 'seed', 'n_jobs_param'}
2026-07-20 00:28:15,579:INFO:Checking environment
2026-07-20 00:28:15,579:INFO:python_version: 3.10.12
2026-07-20 00:28:15,579:INFO:python_build: ('main', 'Jun 22 2026 18:55:27')
2026-07-20 00:28:15,579:INFO:machine: x86_64
2026-07-20 00:28:15,579:INFO:platform: Linux-7.0.11-76070011-generic-x86_64-with-glibc2.35
2026-07-20 00:28:15,580:INFO:Memory: svmem(total=18723848192, available=5753868288, percent=69.3, used=12969979904, free=894808064, active=9309638656, inactive=7079788544, buffers=290168832, cached=6163943424, shared=260976640, slab=581885952)
2026-07-20 00:28:15,581:INFO:Physical Core: 4
2026-07-20 00:28:15,582:INFO:Logical Core: 8
2026-07-20 00:28:15,582:INFO:Checking libraries
2026-07-20 00:28:15,582:INFO:System:
2026-07-20 00:28:15,582:INFO:    python: 3.10.12 (main, Jun 22 2026, 18:55:27) [GCC 11.4.0]
2026-07-20 00:28:15,582:INFO:executable: /home/bruno/poject-alzheimer/.venv/bin/python
2026-07-20 00:28:15,582:INFO:   machine: Linux-7.0.11-76070011-generic-x86_64-with-glibc2.35
2026-07-20 00:28:15,583:INFO:PyCaret required dependencies:
2026-07-20 00:28:15,621:INFO:                 pip: 22.0.2
2026-07-20 00:28:15,621:INFO:          setuptools: 59.6.0
2026-07-20 00:28:15,621:INFO:             pycaret: 3.3.2
2026-07-20 00:28:15,621:INFO:             IPython: 8.39.0
2026-07-20 00:28:15,621:INFO:          ipywidgets: 8.1.8
2026-07-20 00:28:15,621:INFO:                tqdm: 4.68.4
2026-07-20 00:28:15,621:INFO:               numpy: 1.26.4
2026-07-20 00:28:15,621:INFO:              pandas: 2.1.4
2026-07-20 00:28:15,622:INFO:              jinja2: 3.1.6
2026-07-20 00:28:15,622:INFO:               scipy: 1.11.4
2026-07-20 00:28:15,622:INFO:              joblib: 1.3.2
2026-07-20 00:28:15,622:INFO:             sklearn: 1.4.2
2026-07-20 00:28:15,622:INFO:                pyod: 3.4.0
2026-07-20 00:28:15,622:INFO:            imblearn: 0.14.2
2026-07-20 00:28:15,622:INFO:   category_encoders: 2.7.0
2026-07-20 00:28:15,622:INFO:            lightgbm: 4.6.0
2026-07-20 00:28:15,622:INFO:               numba: 0.66.0
2026-07-20 00:28:15,622:INFO:            requests: 2.34.2
2026-07-20 00:28:15,622:INFO:          matplotlib: 3.7.5
2026-07-20 00:28:15,622:INFO:          scikitplot: 0.3.7
2026-07-20 00:28:15,622:INFO:         yellowbrick: 1.5
2026-07-20 00:28:15,622:INFO:              plotly: 6.9.0
2026-07-20 00:28:15,622:INFO:    plotly-resampler: Not installed
2026-07-20 00:28:15,622:INFO:             kaleido: 1.3.0
2026-07-20 00:28:15,622:INFO:           schemdraw: 0.15
2026-07-20 00:28:15,622:INFO:         statsmodels: 0.14.6
2026-07-20 00:28:15,622:INFO:              sktime: 0.26.0
2026-07-20 00:28:15,623:INFO:               tbats: 1.1.3
2026-07-20 00:28:15,623:INFO:            pmdarima: 2.0.4
2026-07-20 00:28:15,623:INFO:              psutil: 7.2.2
2026-07-20 00:28:15,623:INFO:          markupsafe: 3.0.3
2026-07-20 00:28:15,623:INFO:             pickle5: Not installed
2026-07-20 00:28:15,623:INFO:         cloudpickle: 3.1.2
2026-07-20 00:28:15,623:INFO:         deprecation: 2.1.0
2026-07-20 00:28:15,623:INFO:              xxhash: 3.8.1
2026-07-20 00:28:15,623:INFO:           wurlitzer: 3.1.1
2026-07-20 00:28:15,623:INFO:PyCaret optional dependencies:
2026-07-20 00:28:15,655:INFO:                shap: Not installed
2026-07-20 00:28:15,655:INFO:           interpret: Not installed
2026-07-20 00:28:15,655:INFO:                umap: Not installed
2026-07-20 00:28:15,655:INFO:     ydata_profiling: Not installed
2026-07-20 00:28:15,655:INFO:  explainerdashboard: Not installed
2026-07-20 00:28:15,656:INFO:             autoviz: Not installed
2026-07-20 00:28:15,656:INFO:           fairlearn: Not installed
2026-07-20 00:28:15,656:INFO:          deepchecks: Not installed
2026-07-20 00:28:15,656:INFO:             xgboost: Not installed
2026-07-20 00:28:15,656:INFO:            catboost: Not installed
2026-07-20 00:28:15,656:INFO:              kmodes: Not installed
2026-07-20 00:28:15,656:INFO:             mlxtend: Not installed
2026-07-20 00:28:15,656:INFO:       statsforecast: Not installed
2026-07-20 00:28:15,656:INFO:        tune_sklearn: Not installed
2026-07-20 00:28:15,656:INFO:                 ray: Not installed
2026-07-20 00:28:15,656:INFO:            hyperopt: Not installed
2026-07-20 00:28:15,657:INFO:              optuna: Not installed
2026-07-20 00:28:15,657:INFO:               skopt: Not installed
2026-07-20 00:28:15,657:INFO:              mlflow: Not installed
2026-07-20 00:28:15,657:INFO:              gradio: Not installed
2026-07-20 00:28:15,657:INFO:             fastapi: Not installed
2026-07-20 00:28:15,657:INFO:             uvicorn: Not installed
2026-07-20 00:28:15,657:INFO:              m2cgen: Not installed
2026-07-20 00:28:15,657:INFO:           evidently: Not installed
2026-07-20 00:28:15,657:INFO:               fugue: Not installed
2026-07-20 00:28:15,657:INFO:           streamlit: Not installed
2026-07-20 00:28:15,657:INFO:             prophet: Not installed
2026-07-20 00:28:15,657:INFO:None
2026-07-20 00:28:15,658:INFO:Set up data.
2026-07-20 00:28:15,967:INFO:Set up folding strategy.
2026-07-20 00:28:15,967:INFO:Set up train/test split.
2026-07-20 00:28:16,741:INFO:Set up index.
2026-07-20 00:28:16,789:INFO:Assigning column types.
2026-07-20 00:28:16,991:INFO:Engine successfully changes for model 'lr' to 'sklearn'.
2026-07-20 00:28:17,052:INFO:Engine for model 'knn' has not been set explicitly, hence returning None.
2026-07-20 00:28:17,060:INFO:Engine for model 'rbfsvm' has not been set explicitly, hence returning None.
2026-07-20 00:28:17,099:WARNING:
'xgboost' is a soft dependency and not included in the pycaret installation. Please run: `pip install xgboost` to install.
Alternately, you can install this by running `pip install pycaret[models]`
2026-07-20 00:28:17,099:WARNING:
'catboost' is a soft dependency and not included in the pycaret installation. Please run: `pip install catboost` to install.
Alternately, you can install this by running `pip install pycaret[models]`
2026-07-20 00:28:17,153:INFO:Engine for model 'knn' has not been set explicitly, hence returning None.
2026-07-20 00:28:17,154:INFO:Engine for model 'rbfsvm' has not been set explicitly, hence returning None.
2026-07-20 00:28:17,188:WARNING:
'xgboost' is a soft dependency and not included in the pycaret installation. Please run: `pip install xgboost` to install.
Alternately, you can install this by running `pip install pycaret[models]`
2026-07-20 00:28:17,188:WARNING:
'catboost' is a soft dependency and not included in the pycaret installation. Please run: `pip install catboost` to install.
Alternately, you can install this by running `pip install pycaret[models]`
2026-07-20 00:28:17,188:INFO:Engine successfully changes for model 'knn' to 'sklearn'.
2026-07-20 00:28:17,244:INFO:Engine for model 'rbfsvm' has not been set explicitly, hence returning None.
2026-07-20 00:28:17,276:WARNING:
'xgboost' is a soft dependency and not included in the pycaret installation. Please run: `pip install xgboost` to install.
Alternately, you can install this by running `pip install pycaret[models]`
2026-07-20 00:28:17,276:WARNING:
'catboost' is a soft dependency and not included in the pycaret installation. Please run: `pip install catboost` to install.
Alternately, you can install this by running `pip install pycaret[models]`
2026-07-20 00:28:17,331:INFO:Engine for model 'rbfsvm' has not been set explicitly, hence returning None.
2026-07-20 00:28:17,364:WARNING:
'xgboost' is a soft dependency and not included in the pycaret installation. Please run: `pip install xgboost` to install.
Alternately, you can install this by running `pip install pycaret[models]`
2026-07-20 00:28:17,364:WARNING:
'catboost' is a soft dependency and not included in the pycaret installation. Please run: `pip install catboost` to install.
Alternately, you can install this by running `pip install pycaret[models]`
2026-07-20 00:28:17,365:INFO:Engine successfully changes for model 'rbfsvm' to 'sklearn'.
2026-07-20 00:28:17,454:WARNING:
'xgboost' is a soft dependency and not included in the pycaret installation. Please run: `pip install xgboost` to install.
Alternately, you can install this by running `pip install pycaret[models]`
2026-07-20 00:28:17,454:WARNING:
'catboost' is a soft dependency and not included in the pycaret installation. Please run: `pip install catboost` to install.
Alternately, you can install this by running `pip install pycaret[models]`
2026-07-20 00:28:17,541:WARNING:
'xgboost' is a soft dependency and not included in the pycaret installation. Please run: `pip install xgboost` to install.
Alternately, you can install this by running `pip install pycaret[models]`
2026-07-20 00:28:17,541:WARNING:
'catboost' is a soft dependency and not included in the pycaret installation. Please run: `pip install catboost` to install.
Alternately, you can install this by running `pip install pycaret[models]`
2026-07-20 00:28:17,544:INFO:Preparing preprocessing pipeline...
2026-07-20 00:28:17,573:INFO:Set up simple imputation.
2026-07-20 00:28:18,157:INFO:Finished creating preprocessing pipeline.
2026-07-20 00:28:18,161:INFO:Pipeline: Pipeline(memory=FastMemory(location=/tmp/joblib),
         steps=[('numerical_imputer',
                 TransformerWrapper(exclude=None,
                                    include=['Fp1', 'Fp2', 'F7', 'F3', 'Fz',
                                             'F4', 'F8', 'T3', 'C3', 'Cz', 'C4',
                                             'T4', 'T5', 'P3', 'Pz', 'P4'],
                                    transformer=SimpleImputer(add_indicator=False,
                                                              copy=True,
                                                              fill_value=None,
                                                              keep_empty_features=False,
                                                              missing_values=nan,
                                                              strategy='mean'))),
                ('categorical_imputer',
                 TransformerWrapper(exclude=None, include=[],
                                    transformer=SimpleImputer(add_indicator=False,
                                                              copy=True,
                                                              fill_value=None,
                                                              keep_empty_features=False,
                                                              missing_values=nan,
                                                              strategy='most_frequent')))],
         verbose=False)
2026-07-20 00:28:18,162:INFO:Creating final display dataframe.
2026-07-20 00:28:19,414:INFO:Setup _display_container:                     Description             Value
0                    Session id               890
1                        Target            status
2                   Target type            Binary
3           Original data shape      (848640, 17)
4        Transformed data shape      (848640, 17)
5   Transformed train set shape      (594048, 17)
6    Transformed test set shape      (254592, 17)
7              Numeric features                16
8                    Preprocess              True
9               Imputation type            simple
10           Numeric imputation              mean
11       Categorical imputation              mode
12               Fold Generator   StratifiedKFold
13                  Fold Number                10
14                     CPU Jobs                -1
15                      Use GPU             False
16               Log Experiment             False
17              Experiment Name  clf-default-name
18                          USI              6847
2026-07-20 00:28:19,545:WARNING:
'xgboost' is a soft dependency and not included in the pycaret installation. Please run: `pip install xgboost` to install.
Alternately, you can install this by running `pip install pycaret[models]`
2026-07-20 00:28:19,546:WARNING:
'catboost' is a soft dependency and not included in the pycaret installation. Please run: `pip install catboost` to install.
Alternately, you can install this by running `pip install pycaret[models]`
2026-07-20 00:28:19,645:WARNING:
'xgboost' is a soft dependency and not included in the pycaret installation. Please run: `pip install xgboost` to install.
Alternately, you can install this by running `pip install pycaret[models]`
2026-07-20 00:28:19,645:WARNING:
'catboost' is a soft dependency and not included in the pycaret installation. Please run: `pip install catboost` to install.
Alternately, you can install this by running `pip install pycaret[models]`
2026-07-20 00:28:19,647:INFO:setup() successfully completed in 4.07s...............
2026-07-20 00:28:31,595:INFO:Initializing create_model()
2026-07-20 00:28:31,596:INFO:create_model(self=<pycaret.classification.oop.ClassificationExperiment object at 0x7622e712fe50>, estimator=lr, fold=5, round=4, cross_validation=True, predict=True, fit_kwargs=None, groups=None, refit=True, probability_threshold=None, experiment_custom_tags=None, verbose=True, system=True, add_to_model_list=True, metrics=None, display=None, model_only=True, return_train_score=False, error_score=0.0, kwargs={})
2026-07-20 00:28:31,596:INFO:Checking exceptions
2026-07-20 00:28:31,619:INFO:Importing libraries
2026-07-20 00:28:31,619:INFO:Copying training dataset
2026-07-20 00:28:32,103:INFO:Defining folds
2026-07-20 00:28:32,103:INFO:Declaring metric variables
2026-07-20 00:28:32,107:INFO:Importing untrained model
2026-07-20 00:28:32,111:INFO:Logistic Regression Imported successfully
2026-07-20 00:28:32,120:INFO:Starting cross validation
2026-07-20 00:28:32,123:INFO:Cross validating with StratifiedKFold(n_splits=5, random_state=None, shuffle=False), n_jobs=-1
2026-07-20 00:28:42,565:INFO:Calculating mean and std
2026-07-20 00:28:42,577:INFO:Creating metrics dataframe
2026-07-20 00:28:42,601:INFO:Finalizing model
2026-07-20 00:28:46,372:INFO:Uploading results into container
2026-07-20 00:28:46,375:INFO:Uploading model into container now
2026-07-20 00:28:46,391:INFO:_master_model_container: 1
2026-07-20 00:28:46,391:INFO:_display_container: 2
2026-07-20 00:28:46,392:INFO:LogisticRegression(C=1.0, class_weight=None, dual=False, fit_intercept=True,
                   intercept_scaling=1, l1_ratio=None, max_iter=1000,
                   multi_class='auto', n_jobs=None, penalty='l2',
                   random_state=890, solver='lbfgs', tol=0.0001, verbose=0,
                   warm_start=False)
2026-07-20 00:28:46,393:INFO:create_model() successfully completed......................................
2026-07-20 01:03:35,733:INFO:Initializing plot_model()
2026-07-20 01:03:35,734:INFO:plot_model(plot=confusion_matrix, fold=None, verbose=True, display=None, display_format=None, estimator=LogisticRegression(C=1.0, class_weight=None, dual=False, fit_intercept=True,
                   intercept_scaling=1, l1_ratio=None, max_iter=1000,
                   multi_class='auto', n_jobs=None, penalty='l2',
                   random_state=890, solver='lbfgs', tol=0.0001, verbose=0,
                   warm_start=False), feature_name=None, fit_kwargs=None, groups=None, label=False, plot_kwargs=None, save=False, scale=1, self=<pycaret.classification.oop.ClassificationExperiment object at 0x7622e712fe50>, system=True)
2026-07-20 01:03:35,735:INFO:Checking exceptions
2026-07-20 01:03:36,045:INFO:Preloading libraries
2026-07-20 01:03:36,046:INFO:Copying training dataset
2026-07-20 01:03:36,046:INFO:Plot type: confusion_matrix
2026-07-20 01:03:37,321:INFO:Fitting Model
2026-07-20 01:03:37,322:WARNING:/home/bruno/poject-alzheimer/.venv/lib/python3.10/site-packages/sklearn/base.py:493: UserWarning: X does not have valid feature names, but LogisticRegression was fitted with feature names
  warnings.warn(

2026-07-20 01:03:37,331:INFO:Scoring test/hold-out set
2026-07-20 01:03:37,656:INFO:Visual Rendered Successfully
2026-07-20 01:03:37,790:INFO:plot_model() successfully completed......................................
2026-07-22 22:19:53,660:WARNING:
'cuml' is a soft dependency and not included in the pycaret installation. Please run: `pip install cuml` to install.
2026-07-22 22:19:53,660:WARNING:
'cuml' is a soft dependency and not included in the pycaret installation. Please run: `pip install cuml` to install.
2026-07-22 22:19:53,660:WARNING:
'cuml' is a soft dependency and not included in the pycaret installation. Please run: `pip install cuml` to install.
2026-07-22 22:19:53,660:WARNING:
'cuml' is a soft dependency and not included in the pycaret installation. Please run: `pip install cuml` to install.
2026-07-22 22:20:06,543:INFO:PyCaret ClassificationExperiment
2026-07-22 22:20:06,543:INFO:Logging name: clf-default-name
2026-07-22 22:20:06,543:INFO:ML Usecase: MLUsecase.CLASSIFICATION
2026-07-22 22:20:06,544:INFO:version 3.3.2
2026-07-22 22:20:06,544:INFO:Initializing setup()
2026-07-22 22:20:06,544:INFO:self.USI: f36b
2026-07-22 22:20:06,544:INFO:self._variable_keys: {'_ml_usecase', 'y', 'exp_id', 'html_param', 'y_train', 'target_param', 'y_test', 'idx', 'fold_groups_param', 'data', 'pipeline', 'log_plots_param', 'X_train', 'logging_param', 'fix_imbalance', 'memory', 'USI', 'n_jobs_param', 'fold_shuffle_param', 'is_multiclass', 'seed', '_available_plots', 'X', 'fold_generator', 'exp_name_log', 'gpu_n_jobs_param', 'gpu_param', 'X_test'}
2026-07-22 22:20:06,544:INFO:Checking environment
2026-07-22 22:20:06,544:INFO:python_version: 3.10.12
2026-07-22 22:20:06,544:INFO:python_build: ('main', 'Jun 22 2026 18:55:27')
2026-07-22 22:20:06,544:INFO:machine: x86_64
2026-07-22 22:20:06,544:INFO:platform: Linux-7.0.11-76070011-generic-x86_64-with-glibc2.35
2026-07-22 22:20:06,545:INFO:Memory: svmem(total=18723860480, available=6299521024, percent=66.4, used=12424339456, free=1373732864, active=10816966656, inactive=5248167936, buffers=239022080, cached=6249975808, shared=269385728, slab=497737728)
2026-07-22 22:20:06,546:INFO:Physical Core: 4
2026-07-22 22:20:06,547:INFO:Logical Core: 8
2026-07-22 22:20:06,547:INFO:Checking libraries
2026-07-22 22:20:06,547:INFO:System:
2026-07-22 22:20:06,547:INFO:    python: 3.10.12 (main, Jun 22 2026, 18:55:27) [GCC 11.4.0]
2026-07-22 22:20:06,547:INFO:executable: /home/bruno/poject-alzheimer/.venv/bin/python
2026-07-22 22:20:06,547:INFO:   machine: Linux-7.0.11-76070011-generic-x86_64-with-glibc2.35
2026-07-22 22:20:06,547:INFO:PyCaret required dependencies:
2026-07-22 22:20:06,589:INFO:                 pip: 22.0.2
2026-07-22 22:20:06,589:INFO:          setuptools: 59.6.0
2026-07-22 22:20:06,589:INFO:             pycaret: 3.3.2
2026-07-22 22:20:06,589:INFO:             IPython: 8.39.0
2026-07-22 22:20:06,589:INFO:          ipywidgets: 8.1.8
2026-07-22 22:20:06,589:INFO:                tqdm: 4.68.4
2026-07-22 22:20:06,589:INFO:               numpy: 1.26.4
2026-07-22 22:20:06,589:INFO:              pandas: 2.1.4
2026-07-22 22:20:06,589:INFO:              jinja2: 3.1.6
2026-07-22 22:20:06,590:INFO:               scipy: 1.11.4
2026-07-22 22:20:06,590:INFO:              joblib: 1.3.2
2026-07-22 22:20:06,590:INFO:             sklearn: 1.4.2
2026-07-22 22:20:06,590:INFO:                pyod: 3.4.0
2026-07-22 22:20:06,590:INFO:            imblearn: 0.14.2
2026-07-22 22:20:06,590:INFO:   category_encoders: 2.7.0
2026-07-22 22:20:06,590:INFO:            lightgbm: 4.6.0
2026-07-22 22:20:06,590:INFO:               numba: 0.66.0
2026-07-22 22:20:06,590:INFO:            requests: 2.34.2
2026-07-22 22:20:06,590:INFO:          matplotlib: 3.7.5
2026-07-22 22:20:06,590:INFO:          scikitplot: 0.3.7
2026-07-22 22:20:06,590:INFO:         yellowbrick: 1.5
2026-07-22 22:20:06,590:INFO:              plotly: 6.9.0
2026-07-22 22:20:06,590:INFO:    plotly-resampler: Not installed
2026-07-22 22:20:06,590:INFO:             kaleido: 1.3.0
2026-07-22 22:20:06,590:INFO:           schemdraw: 0.15
2026-07-22 22:20:06,590:INFO:         statsmodels: 0.14.6
2026-07-22 22:20:06,590:INFO:              sktime: 0.26.0
2026-07-22 22:20:06,590:INFO:               tbats: 1.1.3
2026-07-22 22:20:06,590:INFO:            pmdarima: 2.0.4
2026-07-22 22:20:06,590:INFO:              psutil: 7.2.2
2026-07-22 22:20:06,591:INFO:          markupsafe: 3.0.3
2026-07-22 22:20:06,591:INFO:             pickle5: Not installed
2026-07-22 22:20:06,591:INFO:         cloudpickle: 3.1.2
2026-07-22 22:20:06,591:INFO:         deprecation: 2.1.0
2026-07-22 22:20:06,591:INFO:              xxhash: 3.8.1
2026-07-22 22:20:06,591:INFO:           wurlitzer: 3.1.1
2026-07-22 22:20:06,591:INFO:PyCaret optional dependencies:
2026-07-22 22:20:06,623:INFO:                shap: Not installed
2026-07-22 22:20:06,623:INFO:           interpret: Not installed
2026-07-22 22:20:06,623:INFO:                umap: Not installed
2026-07-22 22:20:06,623:INFO:     ydata_profiling: Not installed
2026-07-22 22:20:06,623:INFO:  explainerdashboard: Not installed
2026-07-22 22:20:06,623:INFO:             autoviz: Not installed
2026-07-22 22:20:06,623:INFO:           fairlearn: Not installed
2026-07-22 22:20:06,623:INFO:          deepchecks: Not installed
2026-07-22 22:20:06,623:INFO:             xgboost: Not installed
2026-07-22 22:20:06,623:INFO:            catboost: Not installed
2026-07-22 22:20:06,623:INFO:              kmodes: Not installed
2026-07-22 22:20:06,623:INFO:             mlxtend: Not installed
2026-07-22 22:20:06,624:INFO:       statsforecast: Not installed
2026-07-22 22:20:06,624:INFO:        tune_sklearn: Not installed
2026-07-22 22:20:06,624:INFO:                 ray: Not installed
2026-07-22 22:20:06,624:INFO:            hyperopt: Not installed
2026-07-22 22:20:06,624:INFO:              optuna: Not installed
2026-07-22 22:20:06,624:INFO:               skopt: Not installed
2026-07-22 22:20:06,624:INFO:              mlflow: Not installed
2026-07-22 22:20:06,624:INFO:              gradio: Not installed
2026-07-22 22:20:06,624:INFO:             fastapi: Not installed
2026-07-22 22:20:06,624:INFO:             uvicorn: Not installed
2026-07-22 22:20:06,624:INFO:              m2cgen: Not installed
2026-07-22 22:20:06,624:INFO:           evidently: Not installed
2026-07-22 22:20:06,624:INFO:               fugue: Not installed
2026-07-22 22:20:06,624:INFO:           streamlit: Not installed
2026-07-22 22:20:06,624:INFO:             prophet: Not installed
2026-07-22 22:20:06,624:INFO:None
2026-07-22 22:20:06,624:INFO:Set up data.
2026-07-22 22:20:06,856:INFO:Set up folding strategy.
2026-07-22 22:20:06,856:INFO:Set up train/test split.
2026-07-22 22:20:07,691:INFO:Set up index.
2026-07-22 22:20:07,746:INFO:Assigning column types.
2026-07-22 22:20:07,982:INFO:Engine successfully changes for model 'lr' to 'sklearn'.
2026-07-22 22:20:08,040:INFO:Engine for model 'knn' has not been set explicitly, hence returning None.
2026-07-22 22:20:08,044:INFO:Engine for model 'rbfsvm' has not been set explicitly, hence returning None.
2026-07-22 22:20:08,084:WARNING:
'xgboost' is a soft dependency and not included in the pycaret installation. Please run: `pip install xgboost` to install.
Alternately, you can install this by running `pip install pycaret[models]`
2026-07-22 22:20:08,084:WARNING:
'catboost' is a soft dependency and not included in the pycaret installation. Please run: `pip install catboost` to install.
Alternately, you can install this by running `pip install pycaret[models]`
2026-07-22 22:20:08,140:INFO:Engine for model 'knn' has not been set explicitly, hence returning None.
2026-07-22 22:20:08,141:INFO:Engine for model 'rbfsvm' has not been set explicitly, hence returning None.
2026-07-22 22:20:08,176:WARNING:
'xgboost' is a soft dependency and not included in the pycaret installation. Please run: `pip install xgboost` to install.
Alternately, you can install this by running `pip install pycaret[models]`
2026-07-22 22:20:08,176:WARNING:
'catboost' is a soft dependency and not included in the pycaret installation. Please run: `pip install catboost` to install.
Alternately, you can install this by running `pip install pycaret[models]`
2026-07-22 22:20:08,176:INFO:Engine successfully changes for model 'knn' to 'sklearn'.
2026-07-22 22:20:08,237:INFO:Engine for model 'rbfsvm' has not been set explicitly, hence returning None.
2026-07-22 22:20:08,271:WARNING:
'xgboost' is a soft dependency and not included in the pycaret installation. Please run: `pip install xgboost` to install.
Alternately, you can install this by running `pip install pycaret[models]`
2026-07-22 22:20:08,271:WARNING:
'catboost' is a soft dependency and not included in the pycaret installation. Please run: `pip install catboost` to install.
Alternately, you can install this by running `pip install pycaret[models]`
2026-07-22 22:20:08,329:INFO:Engine for model 'rbfsvm' has not been set explicitly, hence returning None.
2026-07-22 22:20:08,363:WARNING:
'xgboost' is a soft dependency and not included in the pycaret installation. Please run: `pip install xgboost` to install.
Alternately, you can install this by running `pip install pycaret[models]`
2026-07-22 22:20:08,363:WARNING:
'catboost' is a soft dependency and not included in the pycaret installation. Please run: `pip install catboost` to install.
Alternately, you can install this by running `pip install pycaret[models]`
2026-07-22 22:20:08,363:INFO:Engine successfully changes for model 'rbfsvm' to 'sklearn'.
2026-07-22 22:20:08,460:WARNING:
'xgboost' is a soft dependency and not included in the pycaret installation. Please run: `pip install xgboost` to install.
Alternately, you can install this by running `pip install pycaret[models]`
2026-07-22 22:20:08,461:WARNING:
'catboost' is a soft dependency and not included in the pycaret installation. Please run: `pip install catboost` to install.
Alternately, you can install this by running `pip install pycaret[models]`
2026-07-22 22:20:08,561:WARNING:
'xgboost' is a soft dependency and not included in the pycaret installation. Please run: `pip install xgboost` to install.
Alternately, you can install this by running `pip install pycaret[models]`
2026-07-22 22:20:08,561:WARNING:
'catboost' is a soft dependency and not included in the pycaret installation. Please run: `pip install catboost` to install.
Alternately, you can install this by running `pip install pycaret[models]`
2026-07-22 22:20:08,563:INFO:Preparing preprocessing pipeline...
2026-07-22 22:20:08,604:INFO:Set up simple imputation.
2026-07-22 22:20:09,233:INFO:Finished creating preprocessing pipeline.
2026-07-22 22:20:09,238:INFO:Pipeline: Pipeline(memory=FastMemory(location=/tmp/joblib),
         steps=[('numerical_imputer',
                 TransformerWrapper(exclude=None,
                                    include=['Fp1', 'Fp2', 'F7', 'F3', 'Fz',
                                             'F4', 'F8', 'T3', 'C3', 'Cz', 'C4',
                                             'T4', 'T5', 'P3', 'Pz', 'P4'],
                                    transformer=SimpleImputer(add_indicator=False,
                                                              copy=True,
                                                              fill_value=None,
                                                              keep_empty_features=False,
                                                              missing_values=nan,
                                                              strategy='mean'))),
                ('categorical_imputer',
                 TransformerWrapper(exclude=None, include=[],
                                    transformer=SimpleImputer(add_indicator=False,
                                                              copy=True,
                                                              fill_value=None,
                                                              keep_empty_features=False,
                                                              missing_values=nan,
                                                              strategy='most_frequent')))],
         verbose=False)
2026-07-22 22:20:09,238:INFO:Creating final display dataframe.
2026-07-22 22:20:10,537:INFO:Setup _display_container:                     Description             Value
0                    Session id              4282
1                        Target            status
2                   Target type            Binary
3           Original data shape      (848640, 17)
4        Transformed data shape      (848640, 17)
5   Transformed train set shape      (594048, 17)
6    Transformed test set shape      (254592, 17)
7              Numeric features                16
8                    Preprocess              True
9               Imputation type            simple
10           Numeric imputation              mean
11       Categorical imputation              mode
12               Fold Generator   StratifiedKFold
13                  Fold Number                10
14                     CPU Jobs                -1
15                      Use GPU             False
16               Log Experiment             False
17              Experiment Name  clf-default-name
18                          USI              f36b
2026-07-22 22:20:10,651:WARNING:
'xgboost' is a soft dependency and not included in the pycaret installation. Please run: `pip install xgboost` to install.
Alternately, you can install this by running `pip install pycaret[models]`
2026-07-22 22:20:10,651:WARNING:
'catboost' is a soft dependency and not included in the pycaret installation. Please run: `pip install catboost` to install.
Alternately, you can install this by running `pip install pycaret[models]`
2026-07-22 22:20:10,750:WARNING:
'xgboost' is a soft dependency and not included in the pycaret installation. Please run: `pip install xgboost` to install.
Alternately, you can install this by running `pip install pycaret[models]`
2026-07-22 22:20:10,750:WARNING:
'catboost' is a soft dependency and not included in the pycaret installation. Please run: `pip install catboost` to install.
Alternately, you can install this by running `pip install pycaret[models]`
2026-07-22 22:20:10,751:INFO:setup() successfully completed in 4.21s...............
2026-07-22 22:20:19,249:INFO:Initializing create_model()
2026-07-22 22:20:19,250:INFO:create_model(self=<pycaret.classification.oop.ClassificationExperiment object at 0x7a00fbacc4c0>, estimator=dt, fold=5, round=4, cross_validation=True, predict=True, fit_kwargs=None, groups=None, refit=True, probability_threshold=None, experiment_custom_tags=None, verbose=True, system=True, add_to_model_list=True, metrics=None, display=None, model_only=True, return_train_score=False, error_score=0.0, kwargs={})
2026-07-22 22:20:19,250:INFO:Checking exceptions
2026-07-22 22:20:19,281:INFO:Importing libraries
2026-07-22 22:20:19,281:INFO:Copying training dataset
2026-07-22 22:20:19,850:INFO:Defining folds
2026-07-22 22:20:19,850:INFO:Declaring metric variables
2026-07-22 22:20:19,855:INFO:Importing untrained model
2026-07-22 22:20:19,863:INFO:Decision Tree Classifier Imported successfully
2026-07-22 22:20:19,873:INFO:Starting cross validation
2026-07-22 22:20:19,876:INFO:Cross validating with StratifiedKFold(n_splits=5, random_state=None, shuffle=False), n_jobs=-1
2026-07-22 22:20:55,354:INFO:Calculating mean and std
2026-07-22 22:20:55,357:INFO:Creating metrics dataframe
2026-07-22 22:20:55,368:INFO:Finalizing model
2026-07-22 22:21:26,881:INFO:Uploading results into container
2026-07-22 22:21:26,882:INFO:Uploading model into container now
2026-07-22 22:21:26,896:INFO:_master_model_container: 1
2026-07-22 22:21:26,897:INFO:_display_container: 2
2026-07-22 22:21:26,897:INFO:DecisionTreeClassifier(ccp_alpha=0.0, class_weight=None, criterion='gini',
                       max_depth=None, max_features=None, max_leaf_nodes=None,
                       min_impurity_decrease=0.0, min_samples_leaf=1,
                       min_samples_split=2, min_weight_fraction_leaf=0.0,
                       monotonic_cst=None, random_state=4282, splitter='best')
2026-07-22 22:21:26,897:INFO:create_model() successfully completed......................................
2026-07-22 22:42:38,598:INFO:Initializing plot_model()
2026-07-22 22:42:38,598:INFO:plot_model(plot=confusion_matrix, fold=None, verbose=True, display=None, display_format=None, estimator=DecisionTreeClassifier(ccp_alpha=0.0, class_weight=None, criterion='gini',
                       max_depth=None, max_features=None, max_leaf_nodes=None,
                       min_impurity_decrease=0.0, min_samples_leaf=1,
                       min_samples_split=2, min_weight_fraction_leaf=0.0,
                       monotonic_cst=None, random_state=4282, splitter='best'), feature_name=None, fit_kwargs=None, groups=None, label=False, plot_kwargs=None, save=False, scale=1, self=<pycaret.classification.oop.ClassificationExperiment object at 0x7a00fbacc4c0>, system=True)
2026-07-22 22:42:38,599:INFO:Checking exceptions
2026-07-22 22:42:38,892:INFO:Preloading libraries
2026-07-22 22:42:38,893:INFO:Copying training dataset
2026-07-22 22:42:38,893:INFO:Plot type: confusion_matrix
2026-07-22 22:42:40,380:INFO:Fitting Model
2026-07-22 22:42:40,381:WARNING:/home/bruno/poject-alzheimer/.venv/lib/python3.10/site-packages/sklearn/base.py:493: UserWarning: X does not have valid feature names, but DecisionTreeClassifier was fitted with feature names
  warnings.warn(

2026-07-22 22:42:40,392:INFO:Scoring test/hold-out set
2026-07-22 22:42:40,802:INFO:Visual Rendered Successfully
2026-07-22 22:42:40,941:INFO:plot_model() successfully completed......................................
2026-07-22 22:42:51,507:INFO:Initializing create_model()
2026-07-22 22:42:51,507:INFO:create_model(self=<pycaret.classification.oop.ClassificationExperiment object at 0x7a00fbacc4c0>, estimator=rf, fold=5, round=4, cross_validation=True, predict=True, fit_kwargs=None, groups=None, refit=True, probability_threshold=None, experiment_custom_tags=None, verbose=True, system=True, add_to_model_list=True, metrics=None, display=None, model_only=True, return_train_score=False, error_score=0.0, kwargs={})
2026-07-22 22:42:51,507:INFO:Checking exceptions
2026-07-22 22:42:51,532:INFO:Importing libraries
2026-07-22 22:42:51,532:INFO:Copying training dataset
2026-07-22 22:42:52,059:INFO:Defining folds
2026-07-22 22:42:52,060:INFO:Declaring metric variables
2026-07-22 22:42:52,064:INFO:Importing untrained model
2026-07-22 22:42:52,068:INFO:Random Forest Classifier Imported successfully
2026-07-22 22:42:52,082:INFO:Starting cross validation
2026-07-22 22:42:52,083:INFO:Cross validating with StratifiedKFold(n_splits=5, random_state=None, shuffle=False), n_jobs=-1
2026-07-22 22:50:06,156:INFO:Calculating mean and std
2026-07-22 22:50:06,162:INFO:Creating metrics dataframe
2026-07-22 22:50:06,174:INFO:Finalizing model
2026-07-22 22:52:08,148:INFO:Uploading results into container
2026-07-22 22:52:08,150:INFO:Uploading model into container now
2026-07-22 22:52:08,172:INFO:_master_model_container: 2
2026-07-22 22:52:08,173:INFO:_display_container: 3
2026-07-22 22:52:08,174:INFO:RandomForestClassifier(bootstrap=True, ccp_alpha=0.0, class_weight=None,
                       criterion='gini', max_depth=None, max_features='sqrt',
                       max_leaf_nodes=None, max_samples=None,
                       min_impurity_decrease=0.0, min_samples_leaf=1,
                       min_samples_split=2, min_weight_fraction_leaf=0.0,
                       monotonic_cst=None, n_estimators=100, n_jobs=-1,
                       oob_score=False, random_state=4282, verbose=0,
                       warm_start=False)
2026-07-22 22:52:08,174:INFO:create_model() successfully completed......................................
2026-07-22 22:53:55,028:INFO:Initializing plot_model()
2026-07-22 22:53:55,028:INFO:plot_model(plot=confusion_matrix, fold=None, verbose=True, display=None, display_format=None, estimator=RandomForestClassifier(bootstrap=True, ccp_alpha=0.0, class_weight=None,
                       criterion='gini', max_depth=None, max_features='sqrt',
                       max_leaf_nodes=None, max_samples=None,
                       min_impurity_decrease=0.0, min_samples_leaf=1,
                       min_samples_split=2, min_weight_fraction_leaf=0.0,
                       monotonic_cst=None, n_estimators=100, n_jobs=-1,
                       oob_score=False, random_state=4282, verbose=0,
                       warm_start=False), feature_name=None, fit_kwargs=None, groups=None, label=False, plot_kwargs=None, save=False, scale=1, self=<pycaret.classification.oop.ClassificationExperiment object at 0x7a00fbacc4c0>, system=True)
2026-07-22 22:53:55,029:INFO:Checking exceptions
2026-07-22 22:53:55,657:INFO:Preloading libraries
2026-07-22 22:53:55,708:INFO:Copying training dataset
2026-07-22 22:53:55,708:INFO:Plot type: confusion_matrix
2026-07-22 22:53:57,306:INFO:Fitting Model
2026-07-22 22:53:57,306:WARNING:/home/bruno/poject-alzheimer/.venv/lib/python3.10/site-packages/sklearn/base.py:493: UserWarning: X does not have valid feature names, but RandomForestClassifier was fitted with feature names
  warnings.warn(

2026-07-22 22:53:57,316:INFO:Scoring test/hold-out set
2026-07-22 22:53:58,923:INFO:Visual Rendered Successfully
2026-07-22 22:53:59,061:INFO:plot_model() successfully completed......................................
2026-09-14 19:59:54,073:WARNING:
'cuml' is a soft dependency and not included in the pycaret installation. Please run: `pip install cuml` to install.
2026-09-14 19:59:54,074:WARNING:
'cuml' is a soft dependency and not included in the pycaret installation. Please run: `pip install cuml` to install.
2026-09-14 19:59:54,074:WARNING:
'cuml' is a soft dependency and not included in the pycaret installation. Please run: `pip install cuml` to install.
2026-09-14 19:59:54,075:WARNING:
'cuml' is a soft dependency and not included in the pycaret installation. Please run: `pip install cuml` to install.
2026-09-14 19:59:58,796:INFO:PyCaret ClassificationExperiment
2026-09-14 19:59:58,797:INFO:Logging name: clf-default-name
2026-09-14 19:59:58,797:INFO:ML Usecase: MLUsecase.CLASSIFICATION
2026-09-14 19:59:58,797:INFO:version 3.3.2
2026-09-14 19:59:58,797:INFO:Initializing setup()
2026-09-14 19:59:58,797:INFO:self.USI: a4be
2026-09-14 19:59:58,797:INFO:self._variable_keys: {'data', 'fold_shuffle_param', 'n_jobs_param', 'X_train', 'exp_id', 'exp_name_log', '_available_plots', 'USI', 'y_test', 'log_plots_param', 'y', 'fold_groups_param', 'pipeline', 'html_param', 'is_multiclass', 'X_test', 'y_train', 'idx', 'seed', 'fold_generator', '_ml_usecase', 'target_param', 'fix_imbalance', 'X', 'gpu_n_jobs_param', 'gpu_param', 'memory', 'logging_param'}
2026-09-14 19:59:58,798:INFO:Checking environment
2026-09-14 19:59:58,798:INFO:python_version: 3.10.12
2026-09-14 19:59:58,798:INFO:python_build: ('main', 'Jun 22 2026 18:55:27')
2026-09-14 19:59:58,798:INFO:machine: x86_64
2026-09-14 19:59:58,798:INFO:platform: Linux-7.0.11-76070011-generic-x86_64-with-glibc2.35
2026-09-14 19:59:58,799:INFO:Memory: svmem(total=18723844096, available=8756056064, percent=53.2, used=9967788032, free=4014952448, active=9786294272, inactive=3614801920, buffers=275730432, cached=5787275264, shared=65708032, slab=414228480)
2026-09-14 19:59:58,801:INFO:Physical Core: 4
2026-09-14 19:59:58,802:INFO:Logical Core: 8
2026-09-14 19:59:58,802:INFO:Checking libraries
2026-09-14 19:59:58,802:INFO:System:
2026-09-14 19:59:58,802:INFO:    python: 3.10.12 (main, Jun 22 2026, 18:55:27) [GCC 11.4.0]
2026-09-14 19:59:58,802:INFO:executable: /home/bruno/project-alzheimer/.venv/bin/python
2026-09-14 19:59:58,802:INFO:   machine: Linux-7.0.11-76070011-generic-x86_64-with-glibc2.35
2026-09-14 19:59:58,802:INFO:PyCaret required dependencies:
2026-09-14 19:59:58,869:INFO:                 pip: 22.0.2
2026-09-14 19:59:58,869:INFO:          setuptools: 59.6.0
2026-09-14 19:59:58,869:INFO:             pycaret: 3.3.2
2026-09-14 19:59:58,869:INFO:             IPython: 8.39.0
2026-09-14 19:59:58,869:INFO:          ipywidgets: 8.1.8
2026-09-14 19:59:58,870:INFO:                tqdm: 4.68.4
2026-09-14 19:59:58,870:INFO:               numpy: 1.26.4
2026-09-14 19:59:58,870:INFO:              pandas: 2.1.4
2026-09-14 19:59:58,870:INFO:              jinja2: 3.1.6
2026-09-14 19:59:58,870:INFO:               scipy: 1.11.4
2026-09-14 19:59:58,870:INFO:              joblib: 1.3.2
2026-09-14 19:59:58,870:INFO:             sklearn: 1.4.2
2026-09-14 19:59:58,870:INFO:                pyod: 3.4.0
2026-09-14 19:59:58,870:INFO:            imblearn: 0.14.2
2026-09-14 19:59:58,870:INFO:   category_encoders: 2.7.0
2026-09-14 19:59:58,870:INFO:            lightgbm: 4.6.0
2026-09-14 19:59:58,870:INFO:               numba: 0.66.0
2026-09-14 19:59:58,870:INFO:            requests: 2.34.2
2026-09-14 19:59:58,870:INFO:          matplotlib: 3.7.5
2026-09-14 19:59:58,870:INFO:          scikitplot: 0.3.7
2026-09-14 19:59:58,870:INFO:         yellowbrick: 1.5
2026-09-14 19:59:58,870:INFO:              plotly: 6.9.0
2026-09-14 19:59:58,870:INFO:    plotly-resampler: Not installed
2026-09-14 19:59:58,870:INFO:             kaleido: 1.3.0
2026-09-14 19:59:58,871:INFO:           schemdraw: 0.15
2026-09-14 19:59:58,871:INFO:         statsmodels: 0.14.6
2026-09-14 19:59:58,871:INFO:              sktime: 0.26.0
2026-09-14 19:59:58,871:INFO:               tbats: 1.1.3
2026-09-14 19:59:58,871:INFO:            pmdarima: 2.0.4
2026-09-14 19:59:58,871:INFO:              psutil: 7.2.2
2026-09-14 19:59:58,871:INFO:          markupsafe: 3.0.3
2026-09-14 19:59:58,871:INFO:             pickle5: Not installed
2026-09-14 19:59:58,871:INFO:         cloudpickle: 3.1.2
2026-09-14 19:59:58,871:INFO:         deprecation: 2.1.0
2026-09-14 19:59:58,871:INFO:              xxhash: 3.8.1
2026-09-14 19:59:58,871:INFO:           wurlitzer: 3.1.1
2026-09-14 19:59:58,871:INFO:PyCaret optional dependencies:
2026-09-14 19:59:58,920:INFO:                shap: Not installed
2026-09-14 19:59:58,920:INFO:           interpret: Not installed
2026-09-14 19:59:58,920:INFO:                umap: Not installed
2026-09-14 19:59:58,920:INFO:     ydata_profiling: Not installed
2026-09-14 19:59:58,920:INFO:  explainerdashboard: Not installed
2026-09-14 19:59:58,921:INFO:             autoviz: Not installed
2026-09-14 19:59:58,921:INFO:           fairlearn: Not installed
2026-09-14 19:59:58,921:INFO:          deepchecks: Not installed
2026-09-14 19:59:58,921:INFO:             xgboost: Not installed
2026-09-14 19:59:58,921:INFO:            catboost: Not installed
2026-09-14 19:59:58,921:INFO:              kmodes: Not installed
2026-09-14 19:59:58,921:INFO:             mlxtend: Not installed
2026-09-14 19:59:58,921:INFO:       statsforecast: Not installed
2026-09-14 19:59:58,921:INFO:        tune_sklearn: Not installed
2026-09-14 19:59:58,921:INFO:                 ray: Not installed
2026-09-14 19:59:58,921:INFO:            hyperopt: Not installed
2026-09-14 19:59:58,921:INFO:              optuna: Not installed
2026-09-14 19:59:58,921:INFO:               skopt: Not installed
2026-09-14 19:59:58,922:INFO:              mlflow: Not installed
2026-09-14 19:59:58,922:INFO:              gradio: Not installed
2026-09-14 19:59:58,922:INFO:             fastapi: Not installed
2026-09-14 19:59:58,922:INFO:             uvicorn: Not installed
2026-09-14 19:59:58,922:INFO:              m2cgen: Not installed
2026-09-14 19:59:58,922:INFO:           evidently: Not installed
2026-09-14 19:59:58,922:INFO:               fugue: Not installed
2026-09-14 19:59:58,922:INFO:           streamlit: Not installed
2026-09-14 19:59:58,922:INFO:             prophet: Not installed
2026-09-14 19:59:58,922:INFO:None
2026-09-14 19:59:58,922:INFO:Set up data.
2026-09-14 19:59:59,613:INFO:Set up folding strategy.
2026-09-14 20:00:00,112:INFO:Set up train/test split.
2026-09-14 20:00:01,797:INFO:Set up index.
2026-09-14 20:00:01,886:INFO:Assigning column types.
2026-09-14 20:00:02,267:INFO:Engine successfully changes for model 'lr' to 'sklearn'.
2026-09-14 20:00:02,355:INFO:Engine for model 'knn' has not been set explicitly, hence returning None.
2026-09-14 20:00:02,362:INFO:Engine for model 'rbfsvm' has not been set explicitly, hence returning None.
2026-09-14 20:00:02,434:WARNING:
'xgboost' is a soft dependency and not included in the pycaret installation. Please run: `pip install xgboost` to install.
Alternately, you can install this by running `pip install pycaret[models]`
2026-09-14 20:00:02,435:WARNING:
'catboost' is a soft dependency and not included in the pycaret installation. Please run: `pip install catboost` to install.
Alternately, you can install this by running `pip install pycaret[models]`
2026-09-14 20:00:02,518:INFO:Engine for model 'knn' has not been set explicitly, hence returning None.
2026-09-14 20:00:02,521:INFO:Engine for model 'rbfsvm' has not been set explicitly, hence returning None.
2026-09-14 20:00:02,577:WARNING:
'xgboost' is a soft dependency and not included in the pycaret installation. Please run: `pip install xgboost` to install.
Alternately, you can install this by running `pip install pycaret[models]`
2026-09-14 20:00:02,578:WARNING:
'catboost' is a soft dependency and not included in the pycaret installation. Please run: `pip install catboost` to install.
Alternately, you can install this by running `pip install pycaret[models]`
2026-09-14 20:00:02,579:INFO:Engine successfully changes for model 'knn' to 'sklearn'.
2026-09-14 20:00:02,668:INFO:Engine for model 'rbfsvm' has not been set explicitly, hence returning None.
2026-09-14 20:00:02,722:WARNING:
'xgboost' is a soft dependency and not included in the pycaret installation. Please run: `pip install xgboost` to install.
Alternately, you can install this by running `pip install pycaret[models]`
2026-09-14 20:00:02,723:WARNING:
'catboost' is a soft dependency and not included in the pycaret installation. Please run: `pip install catboost` to install.
Alternately, you can install this by running `pip install pycaret[models]`
2026-09-14 20:00:02,817:INFO:Engine for model 'rbfsvm' has not been set explicitly, hence returning None.
2026-09-14 20:00:02,873:WARNING:
'xgboost' is a soft dependency and not included in the pycaret installation. Please run: `pip install xgboost` to install.
Alternately, you can install this by running `pip install pycaret[models]`
2026-09-14 20:00:02,873:WARNING:
'catboost' is a soft dependency and not included in the pycaret installation. Please run: `pip install catboost` to install.
Alternately, you can install this by running `pip install pycaret[models]`
2026-09-14 20:00:02,874:INFO:Engine successfully changes for model 'rbfsvm' to 'sklearn'.
2026-09-14 20:00:03,032:WARNING:
'xgboost' is a soft dependency and not included in the pycaret installation. Please run: `pip install xgboost` to install.
Alternately, you can install this by running `pip install pycaret[models]`
2026-09-14 20:00:03,033:WARNING:
'catboost' is a soft dependency and not included in the pycaret installation. Please run: `pip install catboost` to install.
Alternately, you can install this by running `pip install pycaret[models]`
2026-09-14 20:00:03,176:WARNING:
'xgboost' is a soft dependency and not included in the pycaret installation. Please run: `pip install xgboost` to install.
Alternately, you can install this by running `pip install pycaret[models]`
2026-09-14 20:00:03,177:WARNING:
'catboost' is a soft dependency and not included in the pycaret installation. Please run: `pip install catboost` to install.
Alternately, you can install this by running `pip install pycaret[models]`
2026-09-14 20:00:03,182:INFO:Preparing preprocessing pipeline...
2026-09-14 20:00:03,240:INFO:Set up simple imputation.
2026-09-14 20:00:03,558:INFO:Set up encoding of categorical features.
2026-09-14 20:00:06,158:INFO:Finished creating preprocessing pipeline.
2026-09-14 20:00:06,177:INFO:Pipeline: Pipeline(memory=FastMemory(location=/tmp/joblib),
         steps=[('numerical_imputer',
                 TransformerWrapper(exclude=None,
                                    include=['Fp1', 'Fp2', 'F7', 'F3', 'Fz',
                                             'F4', 'F8', 'T3', 'C3', 'Cz', 'C4',
                                             'T4', 'T5', 'P3', 'Pz', 'P4'],
                                    transformer=SimpleImputer(add_indicator=False,
                                                              copy=True,
                                                              fill_value=None,
                                                              keep_empty_features=False,
                                                              missing_values=nan,
                                                              strategy='mean'))),
                ('categorical...
                                                              keep_empty_features=False,
                                                              missing_values=nan,
                                                              strategy='most_frequent'))),
                ('rest_encoding',
                 TransformerWrapper(exclude=None, include=['Subject_ID'],
                                    transformer=TargetEncoder(cols=['Subject_ID'],
                                                              drop_invariant=False,
                                                              handle_missing='return_nan',
                                                              handle_unknown='value',
                                                              hierarchy=None,
                                                              min_samples_leaf=20,
                                                              return_df=True,
                                                              smoothing=10,
                                                              verbose=0)))],
         verbose=False)
2026-09-14 20:00:06,177:INFO:Creating final display dataframe.
2026-09-14 20:00:10,127:INFO:Setup _display_container:                     Description             Value
0                    Session id               123
1                        Target            status
2                   Target type            Binary
3           Original data shape      (848640, 18)
4        Transformed data shape      (848640, 18)
5   Transformed train set shape      (594048, 18)
6    Transformed test set shape      (254592, 18)
7              Numeric features                16
8          Categorical features                 1
9                    Preprocess              True
10              Imputation type            simple
11           Numeric imputation              mean
12       Categorical imputation              mode
13     Maximum one-hot encoding                25
14              Encoding method              None
15               Fold Generator        GroupKFold
16                  Fold Number                 5
17                     CPU Jobs                -1
18                      Use GPU             False
19               Log Experiment             False
20              Experiment Name  clf-default-name
21                          USI              a4be
2026-09-14 20:00:10,336:WARNING:
'xgboost' is a soft dependency and not included in the pycaret installation. Please run: `pip install xgboost` to install.
Alternately, you can install this by running `pip install pycaret[models]`
2026-09-14 20:00:10,337:WARNING:
'catboost' is a soft dependency and not included in the pycaret installation. Please run: `pip install catboost` to install.
Alternately, you can install this by running `pip install pycaret[models]`
2026-09-14 20:00:10,657:WARNING:
'xgboost' is a soft dependency and not included in the pycaret installation. Please run: `pip install xgboost` to install.
Alternately, you can install this by running `pip install pycaret[models]`
2026-09-14 20:00:10,658:WARNING:
'catboost' is a soft dependency and not included in the pycaret installation. Please run: `pip install catboost` to install.
Alternately, you can install this by running `pip install pycaret[models]`
2026-09-14 20:00:10,667:INFO:setup() successfully completed in 11.87s...............
2026-09-14 20:00:10,674:INFO:Initializing compare_models()
2026-09-14 20:00:10,675:INFO:compare_models(self=<pycaret.classification.oop.ClassificationExperiment object at 0x72dfdaf513f0>, include=['rf', 'lightgbm', 'dt', 'lr', 'nb'], fold=None, round=4, cross_validation=True, sort=Accuracy, n_select=1, budget_time=None, turbo=True, errors=ignore, fit_kwargs=None, groups=None, experiment_custom_tags=None, probability_threshold=None, verbose=True, parallel=None, caller_params={'self': <pycaret.classification.oop.ClassificationExperiment object at 0x72dfdaf513f0>, 'include': ['rf', 'lightgbm', 'dt', 'lr', 'nb'], 'exclude': None, 'fold': None, 'round': 4, 'cross_validation': True, 'sort': 'Accuracy', 'n_select': 1, 'budget_time': None, 'turbo': True, 'errors': 'ignore', 'fit_kwargs': None, 'groups': None, 'experiment_custom_tags': None, 'probability_threshold': None, 'engine': None, 'verbose': True, 'parallel': None, '__class__': <class 'pycaret.classification.oop.ClassificationExperiment'>}, exclude=None)
2026-09-14 20:00:10,675:INFO:Checking exceptions
2026-09-14 20:00:11,438:INFO:Preparing display monitor
2026-09-14 20:00:11,515:INFO:Initializing Random Forest Classifier
2026-09-14 20:00:11,516:INFO:Total runtime is 1.4678637186686199e-05 minutes
2026-09-14 20:00:11,528:INFO:SubProcess create_model() called ==================================
2026-09-14 20:00:11,535:INFO:Initializing create_model()
2026-09-14 20:00:11,535:INFO:create_model(self=<pycaret.classification.oop.ClassificationExperiment object at 0x72dfdaf513f0>, estimator=rf, fold=GroupKFold(n_splits=5), round=4, cross_validation=True, predict=True, fit_kwargs={}, groups=558210    42
601312    46
333646    25
249220    19
781043    60
          ..
389516    29
314365    24
779221    59
457750    35
642315    49
Name: Subject_ID, Length: 594048, dtype: category
Categories (66, object): ['0', '1', '10', '11', ..., '65', '7', '8', '9'], refit=False, probability_threshold=None, experiment_custom_tags=None, verbose=False, system=False, add_to_model_list=True, metrics=None, display=<pycaret.internal.display.display.CommonDisplay object at 0x72dfafe37bb0>, model_only=True, return_train_score=False, error_score=0.0, kwargs={})
2026-09-14 20:00:11,535:INFO:Checking exceptions
2026-09-14 20:00:11,535:INFO:Importing libraries
2026-09-14 20:00:11,536:INFO:Copying training dataset
2026-09-14 20:00:12,805:INFO:Defining folds
2026-09-14 20:00:12,806:INFO:Declaring metric variables
2026-09-14 20:00:12,820:INFO:Importing untrained model
2026-09-14 20:00:12,830:INFO:Random Forest Classifier Imported successfully
2026-09-14 20:00:12,855:INFO:Starting cross validation
2026-09-14 20:00:12,858:INFO:Cross validating with GroupKFold(n_splits=5), n_jobs=-1
2026-09-14 20:06:45,451:INFO:Calculating mean and std
2026-09-14 20:06:45,467:INFO:Creating metrics dataframe
2026-09-14 20:06:45,478:INFO:Uploading results into container
2026-09-14 20:06:45,482:INFO:Uploading model into container now
2026-09-14 20:06:45,484:INFO:_master_model_container: 1
2026-09-14 20:06:45,484:INFO:_display_container: 2
2026-09-14 20:06:45,486:INFO:RandomForestClassifier(bootstrap=True, ccp_alpha=0.0, class_weight=None,
                       criterion='gini', max_depth=None, max_features='sqrt',
                       max_leaf_nodes=None, max_samples=None,
                       min_impurity_decrease=0.0, min_samples_leaf=1,
                       min_samples_split=2, min_weight_fraction_leaf=0.0,
                       monotonic_cst=None, n_estimators=100, n_jobs=-1,
                       oob_score=False, random_state=123, verbose=0,
                       warm_start=False)
2026-09-14 20:06:45,486:INFO:create_model() successfully completed......................................
2026-09-14 20:06:45,724:INFO:SubProcess create_model() end ==================================
2026-09-14 20:06:45,724:INFO:Creating metrics dataframe
2026-09-14 20:06:45,738:INFO:Initializing Light Gradient Boosting Machine
2026-09-14 20:06:45,738:INFO:Total runtime is 6.570395588874817 minutes
2026-09-14 20:06:45,748:INFO:SubProcess create_model() called ==================================
2026-09-14 20:06:45,753:INFO:Initializing create_model()
2026-09-14 20:06:45,753:INFO:create_model(self=<pycaret.classification.oop.ClassificationExperiment object at 0x72dfdaf513f0>, estimator=lightgbm, fold=GroupKFold(n_splits=5), round=4, cross_validation=True, predict=True, fit_kwargs={}, groups=558210    42
601312    46
333646    25
249220    19
781043    60
          ..
389516    29
314365    24
779221    59
457750    35
642315    49
Name: Subject_ID, Length: 594048, dtype: category
Categories (66, object): ['0', '1', '10', '11', ..., '65', '7', '8', '9'], refit=False, probability_threshold=None, experiment_custom_tags=None, verbose=False, system=False, add_to_model_list=True, metrics=None, display=<pycaret.internal.display.display.CommonDisplay object at 0x72dfafe37bb0>, model_only=True, return_train_score=False, error_score=0.0, kwargs={})
2026-09-14 20:06:45,753:INFO:Checking exceptions
2026-09-14 20:06:45,753:INFO:Importing libraries
2026-09-14 20:06:45,753:INFO:Copying training dataset
2026-09-14 20:06:46,599:INFO:Defining folds
2026-09-14 20:06:46,601:INFO:Declaring metric variables
2026-09-14 20:06:46,609:INFO:Importing untrained model
2026-09-14 20:06:46,617:INFO:Light Gradient Boosting Machine Imported successfully
2026-09-14 20:06:46,653:INFO:Starting cross validation
2026-09-14 20:06:46,659:INFO:Cross validating with GroupKFold(n_splits=5), n_jobs=-1
2026-09-14 20:08:45,614:INFO:Calculating mean and std
2026-09-14 20:08:45,618:INFO:Creating metrics dataframe
2026-09-14 20:08:45,623:INFO:Uploading results into container
2026-09-14 20:08:45,624:INFO:Uploading model into container now
2026-09-14 20:08:45,625:INFO:_master_model_container: 2
2026-09-14 20:08:45,625:INFO:_display_container: 2
2026-09-14 20:08:45,626:INFO:LGBMClassifier(boosting_type='gbdt', class_weight=None, colsample_bytree=1.0,
               importance_type='split', learning_rate=0.1, max_depth=-1,
               min_child_samples=20, min_child_weight=0.001, min_split_gain=0.0,
               n_estimators=100, n_jobs=-1, num_leaves=31, objective=None,
               random_state=123, reg_alpha=0.0, reg_lambda=0.0, subsample=1.0,
               subsample_for_bin=200000, subsample_freq=0)
2026-09-14 20:08:45,626:INFO:create_model() successfully completed......................................
2026-09-14 20:08:45,736:INFO:SubProcess create_model() end ==================================
2026-09-14 20:08:45,737:INFO:Creating metrics dataframe
2026-09-14 20:08:45,749:INFO:Initializing Decision Tree Classifier
2026-09-14 20:08:45,749:INFO:Total runtime is 8.570571804046631 minutes
2026-09-14 20:08:45,755:INFO:SubProcess create_model() called ==================================
2026-09-14 20:08:45,759:INFO:Initializing create_model()
2026-09-14 20:08:45,759:INFO:create_model(self=<pycaret.classification.oop.ClassificationExperiment object at 0x72dfdaf513f0>, estimator=dt, fold=GroupKFold(n_splits=5), round=4, cross_validation=True, predict=True, fit_kwargs={}, groups=558210    42
601312    46
333646    25
249220    19
781043    60
          ..
389516    29
314365    24
779221    59
457750    35
642315    49
Name: Subject_ID, Length: 594048, dtype: category
Categories (66, object): ['0', '1', '10', '11', ..., '65', '7', '8', '9'], refit=False, probability_threshold=None, experiment_custom_tags=None, verbose=False, system=False, add_to_model_list=True, metrics=None, display=<pycaret.internal.display.display.CommonDisplay object at 0x72dfafe37bb0>, model_only=True, return_train_score=False, error_score=0.0, kwargs={})
2026-09-14 20:08:45,759:INFO:Checking exceptions
2026-09-14 20:08:45,759:INFO:Importing libraries
2026-09-14 20:08:45,759:INFO:Copying training dataset
2026-09-14 20:08:46,230:INFO:Defining folds
2026-09-14 20:08:46,230:INFO:Declaring metric variables
2026-09-14 20:08:46,235:INFO:Importing untrained model
2026-09-14 20:08:46,243:INFO:Decision Tree Classifier Imported successfully
2026-09-14 20:08:46,259:INFO:Starting cross validation
2026-09-14 20:08:46,262:INFO:Cross validating with GroupKFold(n_splits=5), n_jobs=-1
2026-09-14 20:09:02,865:INFO:Calculating mean and std
2026-09-14 20:09:02,868:INFO:Creating metrics dataframe
2026-09-14 20:09:02,871:INFO:Uploading results into container
2026-09-14 20:09:02,872:INFO:Uploading model into container now
2026-09-14 20:09:02,873:INFO:_master_model_container: 3
2026-09-14 20:09:02,873:INFO:_display_container: 2
2026-09-14 20:09:02,873:INFO:DecisionTreeClassifier(ccp_alpha=0.0, class_weight=None, criterion='gini',
                       max_depth=None, max_features=None, max_leaf_nodes=None,
                       min_impurity_decrease=0.0, min_samples_leaf=1,
                       min_samples_split=2, min_weight_fraction_leaf=0.0,
                       monotonic_cst=None, random_state=123, splitter='best')
2026-09-14 20:09:02,873:INFO:create_model() successfully completed......................................
2026-09-14 20:09:02,974:INFO:SubProcess create_model() end ==================================
2026-09-14 20:09:02,974:INFO:Creating metrics dataframe
2026-09-14 20:09:02,983:INFO:Initializing Logistic Regression
2026-09-14 20:09:02,984:INFO:Total runtime is 8.857815297444661 minutes
2026-09-14 20:09:02,989:INFO:SubProcess create_model() called ==================================
2026-09-14 20:09:02,991:INFO:Initializing create_model()
2026-09-14 20:09:02,991:INFO:create_model(self=<pycaret.classification.oop.ClassificationExperiment object at 0x72dfdaf513f0>, estimator=lr, fold=GroupKFold(n_splits=5), round=4, cross_validation=True, predict=True, fit_kwargs={}, groups=558210    42
601312    46
333646    25
249220    19
781043    60
          ..
389516    29
314365    24
779221    59
457750    35
642315    49
Name: Subject_ID, Length: 594048, dtype: category
Categories (66, object): ['0', '1', '10', '11', ..., '65', '7', '8', '9'], refit=False, probability_threshold=None, experiment_custom_tags=None, verbose=False, system=False, add_to_model_list=True, metrics=None, display=<pycaret.internal.display.display.CommonDisplay object at 0x72dfafe37bb0>, model_only=True, return_train_score=False, error_score=0.0, kwargs={})
2026-09-14 20:09:02,992:INFO:Checking exceptions
2026-09-14 20:09:02,992:INFO:Importing libraries
2026-09-14 20:09:02,992:INFO:Copying training dataset
2026-09-14 20:09:03,487:INFO:Defining folds
2026-09-14 20:09:03,487:INFO:Declaring metric variables
2026-09-14 20:09:03,492:INFO:Importing untrained model
2026-09-14 20:09:03,499:INFO:Logistic Regression Imported successfully
2026-09-14 20:09:03,512:INFO:Starting cross validation
2026-09-14 20:09:03,515:INFO:Cross validating with GroupKFold(n_splits=5), n_jobs=-1
2026-09-14 20:09:29,288:INFO:Calculating mean and std
2026-09-14 20:09:29,291:INFO:Creating metrics dataframe
2026-09-14 20:09:29,294:INFO:Uploading results into container
2026-09-14 20:09:29,295:INFO:Uploading model into container now
2026-09-14 20:09:29,296:INFO:_master_model_container: 4
2026-09-14 20:09:29,297:INFO:_display_container: 2
2026-09-14 20:09:29,297:INFO:LogisticRegression(C=1.0, class_weight=None, dual=False, fit_intercept=True,
                   intercept_scaling=1, l1_ratio=None, max_iter=1000,
                   multi_class='auto', n_jobs=None, penalty='l2',
                   random_state=123, solver='lbfgs', tol=0.0001, verbose=0,
                   warm_start=False)
2026-09-14 20:09:29,298:INFO:create_model() successfully completed......................................
2026-09-14 20:09:29,394:INFO:SubProcess create_model() end ==================================
2026-09-14 20:09:29,394:INFO:Creating metrics dataframe
2026-09-14 20:09:29,403:INFO:Initializing Naive Bayes
2026-09-14 20:09:29,403:INFO:Total runtime is 9.29814180135727 minutes
2026-09-14 20:09:29,408:INFO:SubProcess create_model() called ==================================
2026-09-14 20:09:29,412:INFO:Initializing create_model()
2026-09-14 20:09:29,412:INFO:create_model(self=<pycaret.classification.oop.ClassificationExperiment object at 0x72dfdaf513f0>, estimator=nb, fold=GroupKFold(n_splits=5), round=4, cross_validation=True, predict=True, fit_kwargs={}, groups=558210    42
601312    46
333646    25
249220    19
781043    60
          ..
389516    29
314365    24
779221    59
457750    35
642315    49
Name: Subject_ID, Length: 594048, dtype: category
Categories (66, object): ['0', '1', '10', '11', ..., '65', '7', '8', '9'], refit=False, probability_threshold=None, experiment_custom_tags=None, verbose=False, system=False, add_to_model_list=True, metrics=None, display=<pycaret.internal.display.display.CommonDisplay object at 0x72dfafe37bb0>, model_only=True, return_train_score=False, error_score=0.0, kwargs={})
2026-09-14 20:09:29,412:INFO:Checking exceptions
2026-09-14 20:09:29,412:INFO:Importing libraries
2026-09-14 20:09:29,412:INFO:Copying training dataset
2026-09-14 20:09:29,943:INFO:Defining folds
2026-09-14 20:09:29,943:INFO:Declaring metric variables
2026-09-14 20:09:29,953:INFO:Importing untrained model
2026-09-14 20:09:29,961:INFO:Naive Bayes Imported successfully
2026-09-14 20:09:29,974:INFO:Starting cross validation
2026-09-14 20:09:29,977:INFO:Cross validating with GroupKFold(n_splits=5), n_jobs=-1
2026-09-14 20:09:34,881:INFO:Calculating mean and std
2026-09-14 20:09:34,883:INFO:Creating metrics dataframe
2026-09-14 20:09:34,889:INFO:Uploading results into container
2026-09-14 20:09:34,891:INFO:Uploading model into container now
2026-09-14 20:09:34,893:INFO:_master_model_container: 5
2026-09-14 20:09:34,893:INFO:_display_container: 2
2026-09-14 20:09:34,893:INFO:GaussianNB(priors=None, var_smoothing=1e-09)
2026-09-14 20:09:34,893:INFO:create_model() successfully completed......................................
2026-09-14 20:09:34,987:INFO:SubProcess create_model() end ==================================
2026-09-14 20:09:34,988:INFO:Creating metrics dataframe
2026-09-14 20:09:35,005:WARNING:/home/bruno/project-alzheimer/.venv/lib/python3.10/site-packages/pycaret/internal/pycaret_experiment/supervised_experiment.py:323: FutureWarning: Styler.applymap has been deprecated. Use Styler.map instead.
  master_display_.apply(

2026-09-14 20:09:35,024:INFO:Initializing create_model()
2026-09-14 20:09:35,025:INFO:create_model(self=<pycaret.classification.oop.ClassificationExperiment object at 0x72dfdaf513f0>, estimator=RandomForestClassifier(bootstrap=True, ccp_alpha=0.0, class_weight=None,
                       criterion='gini', max_depth=None, max_features='sqrt',
                       max_leaf_nodes=None, max_samples=None,
                       min_impurity_decrease=0.0, min_samples_leaf=1,
                       min_samples_split=2, min_weight_fraction_leaf=0.0,
                       monotonic_cst=None, n_estimators=100, n_jobs=-1,
                       oob_score=False, random_state=123, verbose=0,
                       warm_start=False), fold=GroupKFold(n_splits=5), round=4, cross_validation=False, predict=False, fit_kwargs={}, groups=558210    42
601312    46
333646    25
249220    19
781043    60
          ..
389516    29
314365    24
779221    59
457750    35
642315    49
Name: Subject_ID, Length: 594048, dtype: category
Categories (66, object): ['0', '1', '10', '11', ..., '65', '7', '8', '9'], refit=True, probability_threshold=None, experiment_custom_tags=None, verbose=False, system=False, add_to_model_list=True, metrics=None, display=None, model_only=True, return_train_score=False, error_score=0.0, kwargs={})
2026-09-14 20:09:35,025:INFO:Checking exceptions
2026-09-14 20:09:35,028:INFO:Importing libraries
2026-09-14 20:09:35,028:INFO:Copying training dataset
2026-09-14 20:09:35,564:INFO:Defining folds
2026-09-14 20:09:35,564:INFO:Declaring metric variables
2026-09-14 20:09:35,564:INFO:Importing untrained model
2026-09-14 20:09:35,564:INFO:Declaring custom model
2026-09-14 20:09:35,565:INFO:Random Forest Classifier Imported successfully
2026-09-14 20:09:35,566:INFO:Cross validation set to False
2026-09-14 20:09:35,566:INFO:Fitting Model
2026-09-14 20:10:40,155:INFO:RandomForestClassifier(bootstrap=True, ccp_alpha=0.0, class_weight=None,
                       criterion='gini', max_depth=None, max_features='sqrt',
                       max_leaf_nodes=None, max_samples=None,
                       min_impurity_decrease=0.0, min_samples_leaf=1,
                       min_samples_split=2, min_weight_fraction_leaf=0.0,
                       monotonic_cst=None, n_estimators=100, n_jobs=-1,
                       oob_score=False, random_state=123, verbose=0,
                       warm_start=False)
2026-09-14 20:10:40,155:INFO:create_model() successfully completed......................................
2026-09-14 20:10:40,291:INFO:_master_model_container: 5
2026-09-14 20:10:40,291:INFO:_display_container: 2
2026-09-14 20:10:40,292:INFO:RandomForestClassifier(bootstrap=True, ccp_alpha=0.0, class_weight=None,
                       criterion='gini', max_depth=None, max_features='sqrt',
                       max_leaf_nodes=None, max_samples=None,
                       min_impurity_decrease=0.0, min_samples_leaf=1,
                       min_samples_split=2, min_weight_fraction_leaf=0.0,
                       monotonic_cst=None, n_estimators=100, n_jobs=-1,
                       oob_score=False, random_state=123, verbose=0,
                       warm_start=False)
2026-09-14 20:10:40,292:INFO:compare_models() successfully completed......................................
